   n, insertion_cmp, insertion_swaps, insertion_time, merge_cmp, merge_swaps, merge_time,,,,,,,,,,<RANDOM,,,,,,,,,,,,   n, insertion_cmp, insertion_swaps, insertion_time, merge_cmp, merge_swaps, merge_time
0,0,0,0,0,0,0,,,,,,,,,,NEARLYSORTED>,,,,,,,,,,,,0,0,0,0,0,0,0
1,0,0,0,0,0,0,,,,,,,,,,,,,,,,,,,,,,1,0,0,0,0,0,0
2,1,0,0,1,0,0,,,,,,,,,,,,,,,,,,,,,,2,1,0,0,1,0,0
3,3,1,0,2,0,0,,,,,,,,,,,,,,,,,,,,,,3,3,2,0,3,0,0
4,4,1,0,5,0,0,,,,,,,,,,,,,,,,,,,,,,4,4,2,0,5,0,0
5,8,4,0,8,0,0,,,,,,,,,,,,,,,,,,,,,,5,5,2,0,6,0,0
6,11,6,0,10,0,0,,,,,,,,,,,,,,,,,,,,,,6,6,2,0,8,0,0
7,16,10,0,13,0,0,,,,,,,,,,,,,,,,,,,,,,7,7,2,0,10,0,0
8,20,13,0,16,0,0,,,,,,,,,,,,,,,,,,,,,,8,8,2,0,13,0,0
9,26,18,0,19,0,0,,,,,,,,,,,,,,,,,,,,,,9,9,2,0,14,0,0
10,28,19,0,25,0,0,,,,,,,,,,,,,,,,,,,,,,10,10,2,0,16,0,0
11,30,20,0,27,0,0,,,,,,,,,,,,,,,,,,,,,,11,11,2,0,18,0,0
12,33,22,0,28,0,0,,,,,,,,,,,,,,,,,,,,,,12,13,3,0,21,0,0
13,34,22,0,32,0,1000,,,,,,,,,,,,,,,,,,,,,,13,14,3,0,24,0,0
14,42,29,0,38,0,0,,,,,,,,,,,,,,,,,,,,,,14,15,3,0,26,0,0
15,51,37,0,42,0,0,,,,,,,,,,,,,,,,,,,,,,15,16,3,0,30,0,0
16,62,47,0,46,0,0,,,,,,,,,,,,,,,,,,,,,,16,17,3,0,33,0,0
17,78,62,0,51,0,0,,,,,,,,,,,,,,,,,,,,,,17,19,4,0,34,0,0
18,91,74,0,53,0,0,,,,,,,,,,,,,,,,,,,,,,18,20,4,0,38,0,0
19,96,78,0,59,0,0,,,,,,,,,,,,,,,,,,,,,,19,21,4,0,40,0,0
20,110,91,0,66,0,0,,,,,,,,,,,,,,,,,,,,,,20,23,5,999,41,0,0
21,128,108,0,72,0,0,,,,,,,,,,,,,,,,,,,,,,21,25,6,0,45,0,0
22,131,110,0,75,0,0,,,,,,,,,,,,,,,,,,,,,,22,26,6,0,50,0,0
23,132,110,0,76,0,0,,,,,,,,,,,,,,,,,,,,,,23,27,6,0,51,0,0
24,154,131,0,80,0,0,,,,,,,,,,,,,,,,,,,,,,24,28,6,0,55,0,0
25,176,152,0,84,0,0,,,,,,,,,,,,,,,,,,,,,,25,29,6,0,57,0,0
26,189,164,0,92,0,0,,,,,,,,,,,,,,,,,,,,,,26,31,7,0,62,0,0
27,213,187,0,95,0,0,,,,,,,,,,,,,,,,,,,,,,27,33,8,0,65,0,0
28,235,208,0,104,0,0,,,,,,,,,,,,,,,,,,,,,,28,36,10,0,67,0,0
29,250,222,0,108,0,0,,,,,,,,,,,,,,,,,,,,,,29,37,10,0,73,0,0
30,266,237,998,113,0,0,,,,,,,,,,,,,,,,,,,,,,30,38,10,0,77,0,0
31,275,245,0,117,0,0,,,,,,,,,,,,,,,,,,,,,,31,40,11,0,81,0,0
32,286,255,0,120,0,0,,,,,,,,,,,,,,,,,,,,,,32,41,11,0,85,0,0
33,312,280,0,126,0,0,,,,,,,,,,,,,,,,,,,,,,33,42,11,0,86,0,0
34,342,309,0,133,0,0,,,,,,,,,,,,,,,,,,,,,,34,43,11,0,89,0,0
35,373,339,0,136,0,0,,,,,,,,,,,,,,,,,,,,,,35,45,12,0,90,0,0
36,385,350,0,145,0,0,,,,,,,,,,,,,,,,,,,,,,36,46,12,1004,95,0,0
37,414,378,0,147,0,0,,,,,,,,,,,,,,,,,,,,,,37,47,12,0,98,0,0
38,437,400,0,152,0,0,,,,,,,,,,,,,,,,,,,,,,38,48,12,0,101,0,0
39,457,419,1502,160,0,0,,,,,,,,,,,,,,,,,,,,,,39,49,12,0,105,0,0
40,482,443,0,169,0,0,,,,,,,,,,,,,,,,,,,,,,40,51,13,0,107,0,0
41,513,473,0,175,0,0,,,,,,,,,,,,,,,,,, ,,,,41,52,13,0,110,0,0
42,535,494,1003,178,0,0,,,,,,,,,,,,,,,,,,,,,,42,53,13,0,112,0,0
43,573,531,0,183,0,0,,,,,,,,,,,,,,,,,,,,,,43,54,13,0,116,0,0
44,580,537,1000,193,0,0,,,,,,,,,,,,,,,,,,,,,,44,55,13,0,121,0,0
45,618,574,0,199,0,0,,,,,,,,,,,,,,,,,,,,,,45,56,13,0,125,0,0
46,622,577,0,197,0,0,,,,,,,,,,,,,,,,,,,,,,46,57,13,0,125,0,0
47,656,610,0,200,0,0,,,,,,,,,,,,,,,,,,,,,,47,59,14,0,131,0,0
48,692,645,0,206,0,0,,,,,,,,,,,,,,,,,,,,,,48,61,15,0,137,0,0
49,720,672,999,212,0,0,,,,,,,,,,,,,,,,,,,,,,49,62,15,0,139,0,0
50,735,686,0,219,0,0,,,,,,,,,,,,,,,,,,,,,,50,63,15,0,142,0,0
51,776,726,0,229,0,0,,,,,,,,,,,,,,,,,,,,,,51,65,16,0,145,0,0
52,789,738,999,232,0,0,,,,,,,,,,,,,,,,,,,,,,52,67,17,0,152,0,0
53,791,739,0,236,0,0,,,,,,,,,,,,,,,,,,,,,,53,70,19,0,156,0,0
54,832,779,1000,244,0,0,,,,,,,,,,,,,,,,,,,,,,54,73,21,0,160,0,0
55,863,809,0,248,0,0,,,,,,,,,,,,,,,,,,,,,,55,74,21,0,165,0,999
56,882,827,999,263,0,0,,,,,,,,,,,,,,,,,,,,,,56,75,21,0,163,0,0
57,896,840,999,267,0,0,,,,,,,,,,,,,,,,,,,,,,57,76,21,0,165,0,0
58,906,849,0,267,0,0,,,,,,,,,,,,,,,,,,,,,,58,77,21,0,179,0,0
59,947,889,999,280,0,0,,,,,,,,,,,,,,,,,,,,,,59,78,21,0,180,0,0
60,960,901,503,287,0,0,,,,,,,,,,,,,,,,,,,,,,60,79,21,0,184,0,0
61,1020,961,1004,289,0,0,,,,,,,,,,,,,,,,,,,,,,61,80,21,0,187,0,0
62,1042,982,0,297,0,1003,,,,,,,,,,,,,,,,,,,,,,62,81,21,0,194,0,1001
63,1058,997,0,303,0,0,,,,,,,,,,,,,,,,,,,,,,63,82,21,0,198,0,0
64,1060,998,1000,309,0,0,,,,,,,,,,,,,,,,,,,,,,64,84,22,0,202,0,0
65,1094,1031,999,316,0,0,,,,,,,,,,,,,,,,,,,,,,65,85,22,0,204,0,0
66,1104,1040,999,318,0,0,,,,,,,,,,,,,,,,,,,,,,66,86,22,0,205,0,0
67,1130,1065,0,325,0,1000,,,,,,,,,,,,,,,,,,,,,,67,87,22,0,209,0,0
68,1183,1117,0,335,0,0,,,,,,,,,,,,,,,,,,,,,,68,89,23,0,214,0,0
69,1184,1117,999,339,0,0,,,,,,,,,,,,,,,,,,,,,,69,92,25,0,216,0,999
70,1225,1157,999,343,0,0,,,,,,,,,,,,,,,,,,,,,,70,96,28,0,219,0,0
71,1255,1186,0,350,0,1502,,,,,,,,,,,,,,,,,,,,,,71,100,31,0,220,0,0
72,1305,1235,0,361,0,1003,,,,,,,,,,,,,,,,,,,,,,72,101,31,0,230,0,0
73,1375,1304,0,368,0,1000,,,,,,,,,,,,,,,,,,,,,,73,102,31,0,230,0,0
74,1406,1334,0,370,0,0,,,,,,,,,,,,,,,,,,,,,,74,103,31,0,237,0,0
75,1471,1398,1003,373,0,0,,,,,,,,,,,,,,,,,,,,,,75,104,31,1001,240,0,0
76,1539,1465,0,382,0,998,,,,,,,,,,,,,,,,,,,,,,76,105,31,0,239,0,0
77,1570,1495,0,390,0,0,,,,,,,,,,,,,,,,,,,,,,77,106,31,0,245,0,0
78,1608,1532,998,397,0,0,,,,,,,,,,,,,,,,,,,,,,78,108,32,0,250,0,0
79,1650,1573,987,402,0,0,,,,,,,,,,,,,,,,,,,,,,79,111,34,0,254,0,0
80,1707,1629,998,413,0,0,,,,,,,,,,,,,,,,,,,,,,80,112,34,0,262,0,998
81,1762,1683,1501,418,0,0,,,,,,,,,,,,,,,,,,,,,,81,113,34,0,262,0,0
82,1808,1728,1004,423,0,0,,,,,,,,,,,,,,,,,,,,,,82,114,34,0,263,0,0
83,1852,1771,1004,431,0,0,,,,,,,,,,,,,,,,,,,,,,83,116,35,0,271,0,0
84,1929,1847,1000,436,0,0,,,,,,,,,,,,,,,,,,,,,,84,117,35,0,270,0,0
85,1976,1893,1002,439,0,0,,,,,,,,,,,,,,,,,,,,,,85,120,37,0,274,0,1000
86,1985,1901,998,452,0,0,,,,,,,,,,,,,,,,,,,,,,86,124,40,0,280,0,0
87,2065,1980,1999,464,0,0,,,,,,,,,,,,,,,,,,,,,,87,125,40,0,285,0,0
88,2115,2029,1502,473,0,0,,,,,,,,,,,,,,,,,,,,,,88,126,40,0,291,0,0
89,2169,2082,1003,477,0,0,,,,,,,,,,,,,,,,,,,,,,89,127,40,0,294,0,0
90,2223,2135,1000,484,0,0,,,,,,,,,,,,,,,,,,,,,,90,128,40,0,302,0,0
91,2267,2178,1000,492,0,0,,,,,,,,,,,,,,,,,,,,,,91,130,41,0,304,0,0
92,2326,2236,2000,487,0,0,,,,,,,,,,,,,,,,,,,,,,92,131,41,0,307,0,1004
93,2333,2242,1000,492,0,0,,,,,,,,,,,,,,,,,,,,,,93,132,41,0,310,0,0
94,2426,2335,1998,497,0,0,,,,,,,,,,,,,,,,,,,,,,94,133,41,0,314,0,0
95,2504,2412,1502,504,0,0,,,,,,,,,,,,,,,,,,,,,,95,134,41,0,320,0,0
96,2518,2425,2007,509,0,0,,,,,,,,,,,,,,,,,,,,,,96,135,41,0,326,0,0
97,2576,2482,1001,516,0,998,,,,,,,,,,,,,,,,,,,,,,97,139,44,0,329,0,0
98,2578,2483,999,524,0,0,,,,,,,,,,,,,,,,,,,,,,98,144,48,0,333,0,0
99,2633,2537,2000,535,0,0,,,,,,,,,,,,,,,,,,,,,,99,145,48,0,340,0,0
100,2660,2563,999,544,0,0,,,,,,,,,,,,,,,,,,,,,,100,146,48,0,343,0,0
101,2740,2642,2508,550,0,0,,,,,,,,,,,,,,,,,,,,,,101,147,48,999,346,0,0
102,2808,2709,2003,559,0,0,,,,,,,,,,,,,,,,,,,,,,102,148,48,0,349,0,0
103,2812,2712,2000,564,0,0,,,,,,,,,,,,,,,,,,,,,,103,149,48,0,354,0,0
104,2915,2815,1998,574,0,0,,,,,,,,,,,,,,,,,,,,,,104,150,48,0,357,0,0
105,2928,2827,1502,582,0,0,,,,,,,,,,,,,,,,,,,,,,105,151,48,1001,359,0,0
106,3010,2908,2507,581,0,0,,,,,,,,,,,,,,,,,,,,,,106,152,48,0,364,0,0
107,3015,2912,2003,585,0,0,,,,,,,,,,,,,,,,,,,,,,107,154,49,0,366,0,0
108,3020,2916,1999,597,0,0,,,,,,,,,,,,,,,,,,,,,,108,156,50,0,380,0,998
109,3115,3010,2000,602,0,0,,,,,,,,,,,,,,,,,,,,,,109,160,53,0,381,0,0
110,3127,3021,1999,606,0,0,,,,,,,,,,,,,,,,,,,,,,110,163,55,0,388,0,0
111,3217,3110,1503,608,0,0,,,,,,,,,,,,,,,,,,,,,,111,164,55,0,391,0,0
112,3246,3138,2003,629,0,0,,,,,,,,,,,,,,,,,,,,,,112,165,55,0,389,0,1001
113,3348,3239,1999,637,0,0,,,,,,,,,,,,,,,,,,,,,,113,167,56,0,391,0,0
114,3409,3299,1999,640,0,0,,,,,,,,,,,,,,,,,,,,,,114,169,57,0,397,0,0
115,3513,3402,2503,656,0,0,,,,,,,,,,,,,,,,,,,,,,115,173,60,0,400,0,0
116,3566,3454,2007,657,0,0,,,,,,,,,,,,,,,,,,,,,,116,174,60,0,421,0,0
117,3671,3558,2999,664,0,0,,,,,,,,,,,,,,,,,,,,,,117,175,60,0,420,0,0
118,3686,3572,2000,671,0,0,,,,,,,,,,,,,,,,,,,,,,118,176,60,0,422,0,0
119,3738,3623,1999,684,0,999,,,,,,,,,,,,,,,,,,,,,,119,179,62,0,425,0,999
120,3833,3717,1506,686,0,1003,,,,,,,,,,,,,,,,,,,,,,120,180,62,0,437,0,0
121,3883,3766,1999,693,0,0,,,,,,,,,,,,,,,,,,,,,,121,181,62,0,438,0,0
122,3908,3790,3000,697,0,0,,,,,,,,,,,,,,,,,,,,,,122,182,62,0,442,0,0
123,3915,3796,2502,708,0,0,,,,,,,,,,,,,,,,,,,,,,123,183,62,0,447,0,0
124,4000,3880,2007,713,0,0,,,,,,,,,,,,,,,,,,,,,,124,184,62,0,455,0,0
125,4078,3957,2998,720,0,0,,,,,,,,,,,,,,,,,,,,,,125,185,62,0,457,0,0
126,4130,4008,2000,729,0,0,,,,,,,,,,,,,,,,,,,,,,126,186,62,0,464,0,0
127,4193,4070,2505,734,0,0,,,,,,,,,,,,,,,,,,,,,,127,187,62,0,470,0,1004
128,4307,4183,3006,742,0,0,,,,,,,,,,,,,,,,,,,,,,128,188,62,0,477,0,0
129,4385,4260,3001,750,0,0,,,,,,,,,,,,,,,,,,,,,,129,191,64,0,479,0,0
130,4498,4372,1999,752,0,0,,,,,,,,,,,,,,,,,,,,,,130,192,64,0,478,0,1003
131,4617,4490,3510,759,0,0,,,,,,,,,,,,,,,,,,,,,,131,193,64,0,483,0,0
132,4729,4601,2999,764,0,0,,,,,,,,,,,,,,,,,,,,,,132,194,64,0,485,0,0
133,4836,4707,3000,774,0,0,,,,,,,,,,,,,,,,,,,,,,133,196,65,0,489,0,999
134,4861,4731,2506,778,0,0,,,,,,,,,,,,,,,,,,,,,,134,197,65,0,494,0,0
135,4942,4811,3003,790,0,0,,,,,,,,,,,,,,,,,,,,,,135,198,65,0,494,0,0
136,5034,4902,3000,797,0,999,,,,,,,,,,,,,,,,,,,,,,136,199,65,0,500,0,999
137,5153,5020,2508,807,0,0,,,,,,,,,,,,,,,,,,,,,,137,200,65,0,503,0,0
138,5229,5095,3002,814,0,999,,,,,,,,,,,,,,,,,,,,,,138,201,65,0,505,0,0
139,5242,5107,3000,818,0,0,,,,,,,,,,,,,,,,,,,,,,139,202,65,0,512,0,0
140,5270,5134,3507,824,0,0,,,,,,,,,,,,,,,,,,,,,,140,203,65,0,510,0,0
141,5352,5215,3004,833,0,0,,,,,,,,,,,,,,,,,,,,,,141,204,65,0,514,0,0
142,5368,5230,3503,838,0,0,,,,,,,,,,,,,,,,,,,,,,142,205,65,1000,517,0,0
143,5493,5354,3509,849,0,0,,,,,,,,,,,,,,,,,,,,,,143,208,67,0,523,0,0
144,5603,5463,4003,861,0,0,,,,,,,,,,,,,,,,,,,,,,144,209,67,0,535,0,999
145,5657,5516,2998,866,0,0,,,,,,,,,,,,,,,,,,,,,,145,210,67,0,536,0,0
146,5758,5616,3511,876,0,1000,,,,,,,,,,,,,,,,,,,,,,146,212,68,0,535,0,0
147,5882,5739,3000,882,0,998,,,,,,,,,,,,,,,,,,,,,,147,213,68,0,539,0,999
148,5954,5810,3504,885,0,0,,,,,,,,,,,,,,,,,,,,,,148,214,68,0,547,0,0
149,6050,5905,4007,893,0,0,,,,,,,,,,,,,,,,,,,,,,149,215,68,0,552,0,0
150,6188,6042,2999,894,0,1001,,,,,,,,,,,,,,,,,,,,,,150,217,69,0,554,0,0
151,6262,6115,3510,901,0,0,,,,,,,,,,,,,,,,,,,,,,151,219,70,0,555,0,0
152,6283,6135,4001,911,0,0,,,,,,,,,,,,,,,,,,,,,,152,220,70,0,559,0,999
153,6405,6256,4501,921,0,0,,,,,,,,,,,,,,,,,,,,,,153,221,70,0,561,0,0
154,6414,6264,3007,929,0,999,,,,,,,,,,,,,,,,,,,,,,154,222,70,0,569,0,0
155,6494,6343,3999,933,0,0,,,,,,,,,,,,,,,,,,,,,,155,223,70,0,576,0,0
156,6619,6467,3510,951,0,999,,,,,,,,,,,,,,,,,,,,,,156,224,70,0,582,0,1004
157,6657,6504,3999,960,0,0,,,,,,,,,,,,,,,,,,,,,,157,225,70,0,589,0,0
158,6661,6507,3502,961,0,1004,,,,,,,,,,,,,,,,,,,,,,158,226,70,0,585,0,0
159,6779,6624,4003,971,0,0,,,,,,,,,,,,,,,,,,,,,,159,228,71,0,594,0,1004
160,6813,6657,2999,983,0,1502,,,,,,,,,,,,,,,,,,,,,,160,229,71,0,604,0,0
161,6903,6746,4007,990,0,0,,,,,,,,,,,,,,,,,,,,,,161,230,71,0,606,0,998
162,7023,6865,4000,999,0,1000,,,,,,,,,,,,,,,,,,,,,,162,232,72,0,603,0,0
163,7090,6931,3509,1006,0,1000,,,,,,,,,,,,,,,,,,,,,,163,233,72,0,611,0,0
164,7132,6972,3998,1009,0,0,,,,,,,,,,,,,,,,,,,,,,164,234,72,0,616,0,999
165,7146,6985,4510,1017,0,0,,,,,,,,,,,,,,,,,,,,,,165,236,73,0,618,0,0
166,7155,6993,4001,1019,0,998,,,,,,,,,,,,,,,,,,,,,,166,239,75,0,623,0,1000
167,7247,7084,4009,1029,0,0,,,,,,,,,,,,,,,,,,,,,,167,243,78,0,630,0,0
168,7351,7187,4002,1041,0,0,,,,,,,,,,,,,,,,,,,,,,168,248,82,0,629,0,0
169,7474,7309,4499,1044,0,0,,,,,,,,,,,,,,,,,,,,,,169,249,82,1000,636,0,0
170,7598,7432,5006,1052,0,0,,,,,,,,,,,,,,,,,,,,,,170,250,82,0,641,0,0
171,7712,7545,4503,1056,0,0,,,,,,,,,,,,,,,,,,,,,,171,251,82,0,641,0,998
172,7883,7716,5008,1066,0,0,,,,,,,,,,,,,,,,,,,,,,172,252,82,0,648,0,0
173,7991,7823,5000,1077,0,0,,,,,,,,,,,,,,,,,,,,,,173,253,82,0,649,0,1000
174,8012,7843,4007,1089,0,1000,,,,,,,,,,,,,,,,,,,,,,174,254,82,0,656,0,0
175,8098,7928,4503,1097,0,1003,,,,,,,,,,,,,,,,,,,,,,175,256,83,0,665,0,0
176,8255,8084,4003,1117,0,1000,,,,,,,,,,,,,,,,,,,,,,176,257,83,0,668,0,0
177,8346,8174,4502,1124,0,1004,,,,,,,,,,,,,,,,,,,,,,177,258,83,1502,671,0,0
178,8435,8262,4003,1115,0,1000,,,,,,,,,,,,,,,,,,,,,,178,260,84,0,677,0,0
179,8608,8434,4504,1130,0,1004,,,,,,,,,,,,,,,,,,,,,,179,261,84,0,682,0,1004
180,8681,8506,4998,1136,0,0,,,,,,,,,,,,,,,,,,,,,,180,262,84,0,691,0,0
181,8809,8633,5510,1137,0,0,,,,,,,,,,,,,,,,,,,,,,181,263,84,0,698,0,1003
182,8954,8777,4999,1159,0,0,,,,,,,,,,,,,,,,,,,,,,182,264,84,0,699,0,0
183,9100,8922,5508,1162,0,0,,,,,,,,,,,,,,,,,,,,,,183,265,84,0,700,0,1000
184,9137,8958,5502,1148,0,0,,,,,,,,,,,,,,,,,,,,,,184,267,85,0,706,0,0
185,9168,8988,6006,1158,0,0,,,,,,,,,,,,,,,,,,,,,,185,269,86,0,713,0,1001
186,9297,9116,6026,1174,0,0,,,,,,,,,,,,,,,,,,,,,,186,272,88,0,713,0,0
187,9474,9292,6002,1177,0,0,,,,,,,,,,,,,,,,,,,,,,187,274,89,0,720,0,1000
188,9607,9424,5512,1177,0,0,,,,,,,,,,,,,,,,,,,,,,188,275,89,0,731,0,0
189,9735,9551,5502,1191,0,0,,,,,,,,,,,,,,,,,,,,,,189,276,89,0,734,0,998
190,9785,9600,6007,1191,0,0,,,,,,,,,,,,,,,,,,,,,,190,277,89,0,742,0,0
191,9815,9629,5506,1202,0,0,,,,,,,,,,,,,,,,,,,,,,191,279,90,0,746,0,1000
192,9870,9683,5998,1212,0,0,,,,,,,,,,,,,,,,,,,,,,192,282,92,0,750,0,0
193,9912,9724,5510,1219,0,999,,,,,,,,,,,,,,,,,,,,,,193,286,95,0,751,0,999
194,10071,9882,5501,1222,0,1004,,,,,,,,,,,,,,,,,,,,,,194,291,99,0,758,0,0
195,10107,9917,6004,1231,0,0,,,,,,,,,,,,,,,,,,,,,,195,292,99,0,766,0,998
196,10211,10020,5509,1253,0,999,,,,,,,,,,,,,,,,,,,,,,196,293,99,0,765,0,0
197,10272,10080,6000,1260,0,502,,,,,,,,,,,,,,,,,,,,,,197,294,99,0,769,0,1000
198,10343,10150,6007,1259,0,0,,,,,,,,,,,,,,,,,,,,,,198,295,99,0,778,0,504
199,10391,10197,6509,1260,0,0,,,,,,,,,,,,,,,,,,,,,,199,296,99,0,783,0,0
200,10395,10200,6000,1282,0,999,,,,,,,,,,,,,,,,,,,,,,200,297,99,0,783,0,1004
201,10537,10341,5511,1292,0,999,,,,,,,,,,,,,,,,,,,,,,201,298,99,0,784,0,0
202,10646,10449,5512,1299,0,999,,,,,,,,,,,,,,,,,,,,,,202,300,100,0,795,0,1003
203,10678,10480,5999,1300,0,1000,,,,,,,,,,,,,,,,,,,,,,203,301,100,0,803,0,0
204,10790,10591,5510,1314,0,1000,,,,,,,,,,,,,,,,,,,,,,204,302,100,0,799,0,1001
205,10952,10752,6510,1312,0,0,,,,,,,,,,,,,,,,,,,,,,205,303,100,0,803,0,0
206,10983,10782,7000,1328,0,502,,,,,,,,,,,,,,,,,,,,,,206,305,101,0,806,0,998
207,11012,10810,6007,1332,0,1000,,,,,,,,,,,,,,,,,,,,,,207,306,101,0,818,0,0
208,11160,10957,5509,1344,0,1000,,,,,,,,,,,,,,,,,,,,,,208,309,103,0,817,0,999
209,11343,11139,6502,1350,0,1004,,,,,,,,,,,,,,,,,,,,,,209,310,103,0,821,0,0
210,11491,11286,6002,1364,0,1000,,,,,,,,,,,,,,,,,,,,,,210,311,103,1001,826,0,0
211,11622,11416,6509,1372,0,0,,,,,,,,,,,,,,,,,,,,,,211,312,103,0,836,0,0
212,11806,11599,6505,1372,0,0,,,,,,,,,,,,,,,,,,,,,,212,313,103,1000,839,0,0
213,11968,11760,5999,1383,0,0,,,,,,,,,,,,,,,,,,,,,,213,314,103,0,842,0,998
214,12040,11831,7007,1380,0,0,,,,,,,,,,,,,,,,,,,,,,214,315,103,0,846,0,0
215,12067,11857,7509,1399,0,1000,,,,,,,,,,,,,,,,,,,,,,215,316,103,0,849,0,0
216,12070,11859,6528,1408,0,502,,,,,,,,,,,,,,,,,,,,,,216,317,103,0,858,0,1502
217,12083,11871,6519,1418,0,502,,,,,,,,,,,,,,,,,,,,,,217,318,103,0,860,0,0
218,12118,11905,6008,1416,0,0,,,,,,,,,,,,,,,,,,,,,,218,320,104,0,872,0,1004
219,12152,11938,7510,1429,0,0,,,,,,,,,,,,,,,,,,,,,,219,321,104,0,876,0,0
220,12197,11982,7510,1428,0,0,,,,,,,,,,,,,,,,,,,,,,220,322,104,0,879,0,0
221,12396,12180,7501,1428,0,1004,,,,,,,,,,,,,,,,,,,,,,221,323,104,0,882,0,0
222,12468,12251,7002,1443,0,0,,,,,,,,,,,,,,,,,,,,,,222,326,106,1000,888,0,0
223,12591,12373,7510,1456,0,1001,,,,,,,,,,,,,,,,,,,,,,223,327,106,0,895,0,998
224,12633,12414,6511,1476,0,999,,,,,,,,,,,,,,,,,,,,,,224,328,106,0,892,0,0
225,12673,12453,7510,1482,0,0,,,,,,,,,,,,,,,,,,,,,,225,330,107,0,895,0,1000
226,12779,12558,7003,1492,0,1502,,,,,,,,,,,,,,,,,,,,,,226,331,107,0,906,0,0
227,12926,12704,7007,1497,0,1000,,,,,,,,,,,,,,,,,,,,,,227,332,107,0,907,0,0
228,12972,12749,7511,1504,0,0,,,,,,,,,,,,,,,,,,,,,,228,333,107,0,907,0,0
229,13096,12872,8515,1502,0,0,,,,,,,,,,,,,,,,,,,,,,229,334,107,0,911,0,0
230,13127,12902,7507,1529,0,1003,,,,,,,,,,,,,,,,,,,,,,230,336,108,0,912,0,999
231,13205,12979,7503,1537,0,1004,,,,,,,,,,,,,,,,,,,,,,231,339,110,0,925,0,0
232,13341,13114,7003,1538,0,0,,,,,,,,,,,,,,,,,,,,,,232,342,112,0,943,0,1001
233,13456,13228,8510,1546,0,999,,,,,,,,,,,,,,,,,,,,,,233,343,112,0,949,0,0
234,13580,13351,7511,1552,0,1001,,,,,,,,,,,,,,,,,,,,,,234,344,112,0,948,0,502
235,13739,13509,7510,1559,0,1000,,,,,,,,,,,,,,,,,,,,,,235,345,112,0,960,0,0
236,13928,13697,7510,1571,0,998,,,,,,,,,,,,,,,,,,,,,,236,346,112,0,958,0,1004
237,14014,13782,8507,1571,0,0,,,,,,,,,,,,,,,,,,,,,,237,347,112,0,965,0,0
238,14030,13797,8507,1589,0,0,,,,,,,,,,,,,,,,,,,,,,238,349,113,1003,960,0,0
239,14197,13963,8007,1602,0,1502,,,,,,,,,,,,,,,,,,,,,,239,350,113,0,976,0,1000
240,14198,13963,8006,1601,0,0,,,,,,,,,,,,,,,,,,,,,,240,351,113,0,981,0,0
241,14363,14127,8012,1610,0,999,,,,,,,,,,,,,,,,,,,,,,241,353,114,0,990,0,999
242,14379,14142,7510,1615,0,1001,,,,,,,,,,,,,,,,,,,,,,242,356,116,0,992,0,0
243,14610,14372,8509,1627,0,1000,,,,,,,,,,,,,,,,,,,,,,243,357,116,0,993,0,0
244,14710,14471,7509,1630,0,0,,,,,,,,,,,,,,,,,,,,,,244,358,116,0,999,0,1001
245,14947,14707,8508,1636,0,999,,,,,,,,,,,,,,,,,,,,,,245,359,116,0,1005,0,0
246,15105,14864,8528,1651,0,983,,,,,,,,,,,,,,,,,,,,,,246,361,117,999,1015,0,0
247,15307,15065,8507,1658,0,1003,,,,,,,,,,,,,,,,,,,,,,247,363,118,0,1018,0,999
248,15412,15169,8509,1660,0,1004,,,,,,,,,,,,,,,,,,,,,,248,365,119,0,1025,0,0
249,15477,15233,9507,1667,0,0,,,,,,,,,,,,,,,,,,,,,,249,366,119,0,1035,0,0
250,15490,15245,9510,1681,0,0,,,,,,,,,,,,,,,,,,,,,,250,367,119,1502,1033,0,0
251,15503,15257,9012,1683,0,1004,,,,,,,,,,,,,,,,,,,,,,251,369,120,0,1045,0,1004
252,15621,15374,8506,1703,0,1003,,,,,,,,,,,,,,,,,,,,,,252,370,120,0,1049,0,0
253,15769,15521,9507,1703,0,0,,,,,,,,,,,,,,,,,,,,,,253,371,120,1003,1061,0,0
254,15802,15553,8509,1712,0,1004,,,,,,,,,,,,,,,,,,,,,,254,373,121,0,1063,0,999
255,15933,15683,9002,1715,0,502,,,,,,,,,,,,,,,,,,,,,,255,375,122,0,1073,0,0
256,16183,15932,9512,1734,0,0,,,,,,,,,,,,,,,,,,,,,,256,376,122,1000,1076,0,0
257,16408,16156,10007,1743,0,0,,,,,,,,,,,,,,,,,,,,,,257,377,122,0,1077,0,999
258,16665,16412,9510,1740,0,1003,,,,,,,,,,,,,,,,,,,,,,258,379,123,0,1088,0,0
259,16796,16542,9507,1754,0,1004,,,,,,,,,,,,,,,,,,,,,,259,380,123,1001,1085,0,0
260,16854,16599,9510,1748,0,1004,,,,,,,,,,,,,,,,,,,,,,260,381,123,0,1089,0,999
261,17113,16857,10011,1759,0,0,,,,,,,,,,,,,,,,,,,,,,261,382,123,0,1088,0,0
262,17342,17085,10511,1776,0,0,,,,,,,,,,,,,,,,,,,,,,262,383,123,998,1096,0,0
263,17597,17339,10508,1785,0,1002,,,,,,,,,,,,,,,,,,,,,,263,384,123,0,1098,0,1001
264,17803,17544,10509,1796,0,0,,,,,,,,,,,,,,,,,,,,,,264,385,123,0,1097,0,0
265,17876,17616,11511,1803,0,0,,,,,,,,,,,,,,,,,,,,,,265,386,123,0,1099,0,503
266,17925,17664,10509,1804,0,999,,,,,,,,,,,,,,,,,,,,,,266,387,123,0,1110,0,0
267,18047,17785,10510,1823,0,1000,,,,,,,,,,,,,,,,,,,,,,267,388,123,1004,1113,0,0
268,18259,17996,9510,1816,0,1505,,,,,,,,,,,,,,,,,,,,,,268,389,123,0,1118,0,1002
269,18350,18086,10511,1826,0,1004,,,,,,,,,,,,,,,,,,,,,,269,390,123,0,1120,0,0
270,18510,18245,10014,1847,0,0,,,,,,,,,,,,,,,,,,,,,,270,391,123,0,1116,0,0
271,18687,18421,11507,1848,0,0,,,,,,,,,,,,,,,,,,,,,,271,393,124,0,1128,0,998
272,18949,18682,10501,1868,0,0,,,,,,,,,,,,,,,,,,,,,,272,396,126,0,1133,0,999
273,18988,18720,10507,1876,0,1000,,,,,,,,,,,,,,,,,,,,,,273,398,127,0,1137,0,0
274,19048,18779,10509,1879,0,1000,,,,,,,,,,,,,,,,,,,,,,274,399,127,1001,1143,0,0
275,19146,18876,11015,1889,0,1001,,,,,,,,,,,,,,,,,,,,,,275,400,127,0,1146,0,999
276,19338,19067,10513,1895,0,998,,,,,,,,,,,,,,,,,,,,,,276,402,128,0,1138,0,0
277,19443,19171,11511,1907,0,0,,,,,,,,,,,,,,,,,,,,,,277,405,130,0,1145,0,0
278,19464,19191,10509,1905,0,999,,,,,,,,,,,,,,,,,,,,,,278,406,130,0,1162,0,0
279,19523,19249,11508,1914,0,0,,,,,,,,,,,,,,,,,,,,,,279,407,130,1503,1162,0,0
280,19673,19398,12017,1919,0,0,,,,,,,,,,,,,,,,,,,,,,280,408,130,0,1165,0,1004
281,19787,19511,11514,1925,0,0,,,,,,,,,,,,,,,,,,,,,,281,410,131,0,1165,0,1003
282,20023,19746,11510,1947,0,998,,,,,,,,,,,,,,,,,,,,,,282,411,131,0,1170,0,0
283,20118,19840,11509,1948,0,1000,,,,,,,,,,,,,,,,,,,,,,283,413,132,1000,1175,0,0
284,20314,20035,11511,1956,0,502,,,,,,,,,,,,,,,,,,,,,,284,414,132,0,1182,0,999
285,20320,20040,12517,1965,0,0,,,,,,,,,,,,,,,,,,,,,,285,415,132,0,1186,0,1000
286,20573,20292,12510,1975,0,0,,,,,,,,,,,,,,,,,,,,,,286,417,133,0,1192,0,0
287,20582,20300,12510,1989,0,998,,,,,,,,,,,,,,,,,,,,,,287,419,134,999,1201,0,0
288,20603,20320,11014,1992,0,1004,,,,,,,,,,,,,,,,,,,,,,288,422,136,0,1204,0,999
289,20724,20440,12512,2001,0,0,,,,,,,,,,,,,,,,,,,,,,289,426,139,0,1208,0,999
290,20929,20644,11497,2013,0,999,,,,,,,,,,,,,,,,,,,,,,290,427,139,0,1221,0,0
291,21152,20866,11511,2019,0,1502,,,,,,,,,,,,,,,,,,,,,,291,428,139,999,1216,0,0
292,21410,21123,12519,2032,0,0,,,,,,,,,,,,,,,,,,,,,,292,429,139,0,1215,0,1000
293,21682,21394,12510,2036,0,0,,,,,,,,,,,,,,,,,,,,,,293,430,139,503,1215,0,0
294,21843,21554,11510,2045,0,1502,,,,,,,,,,,,,,,,,,,,,,294,431,139,0,1231,0,1004
295,21889,21599,12527,2067,0,999,,,,,,,,,,,,,,,,,,,,,,295,432,139,0,1232,0,1002
296,22050,21759,12512,2050,0,999,,,,,,,,,,,,,,,,,,,,,,296,435,141,0,1237,0,0
297,22113,21821,13013,2061,0,1003,,,,,,,,,,,,,,,,,,,,,,297,436,141,999,1245,0,0
298,22281,21988,12514,2070,0,1001,,,,,,,,,,,,,,,,,,,,,,298,437,141,0,1251,0,1000
299,22519,22225,12510,2082,0,999,,,,,,,,,,,,,,,,,,,,,,299,438,141,0,1259,0,999
300,22660,22365,13015,2096,0,1004,,,,,,,,,,,,,,,,,,,,,,300,439,141,0,1259,0,1001
301,22837,22541,13507,2099,0,1000,,,,,,,,,,,,,,,,,,,,,,301,440,141,0,1260,0,0
302,23000,22703,12507,2105,0,1502,,,,,,,,,,,,,,,,,,,,,,302,441,141,999,1267,0,0
303,23234,22936,13518,2111,0,1000,,,,,,,,,,,,,,,,,,,,,,303,443,142,0,1262,0,999
304,23500,23201,12509,2118,0,999,,,,,,,,,,,,,,,,,,,,,,304,446,144,0,1273,0,0
305,23716,23416,14038,2124,0,998,,,,,,,,,,,,,,,,,,,,,,305,450,147,0,1280,0,0
306,23835,23534,13512,2146,0,1000,,,,,,,,,,,,,,,,,,,,,,306,451,147,0,1282,0,1003
307,23868,23566,14030,2147,0,0,,,,,,,,,,,,,,,,,,,,,,307,452,147,0,1284,0,1003
308,23956,23653,14511,2166,0,0,,,,,,,,,,,,,,,,,,,,,,308,454,148,0,1291,0,0
309,24159,23855,14020,2171,0,999,,,,,,,,,,,,,,,,,,,,,,309,455,148,0,1296,0,0
310,24283,23978,13509,2167,0,1000,,,,,,,,,,,,,,,,,,,,,,310,456,148,999,1315,0,0
311,24463,24157,14020,2182,0,999,,,,,,,,,,,,,,,,,,,,,,311,457,148,0,1311,0,999
312,24640,24333,13509,2195,0,0,,,,,,,,,,,,,,,,,,,,,,312,458,148,0,1328,0,1000
313,24713,24405,15021,2207,0,999,,,,,,,,,,,,,,,,,,,,,,313,460,149,0,1329,0,999
314,24913,24604,13511,2211,0,999,,,,,,,,,,,,,,,,,,,,,,314,462,150,0,1327,0,0
315,25215,24905,15022,2222,0,998,,,,,,,,,,,,,,,,,,,,,,315,463,150,999,1342,0,0
316,25412,25101,15016,2231,0,502,,,,,,,,,,,,,,,,,,,,,,316,464,150,0,1331,0,0
317,25450,25138,15041,2235,0,999,,,,,,,,,,,,,,,,,,,,,,317,465,150,0,1342,0,999
318,25563,25250,14013,2247,0,1004,,,,,,,,,,,,,,,,,,,,,,318,467,151,502,1348,0,0
319,25664,25350,15514,2262,0,999,,,,,,,,,,,,,,,,,,,,,,319,470,153,0,1357,0,0
320,25723,25408,14021,2264,0,1004,,,,,,,,,,,,,,,,,,,,,,320,474,156,0,1379,0,1003
321,25726,25410,15508,2273,0,999,,,,,,,,,,,,,,,,,,,,,,321,475,156,0,1381,0,999
322,25838,25521,14033,2284,0,1001,,,,,,,,,,,,,,,,,,,,,,322,476,156,0,1366,0,999
323,26112,25794,16012,2293,0,1004,,,,,,,,,,,,,,,,,,,,,,323,477,156,0,1378,0,0
324,26117,25798,15514,2307,0,998,,,,,,,,,,,,,,,,,,,,,,324,478,156,0,1376,0,0
325,26323,26003,18023,2320,0,999,,,,,,,,,,,,,,,,,,,,,,325,480,157,1000,1379,0,0
326,26505,26184,15017,2323,0,1003,,,,,,,,,,,,,,,,,,,,,,326,481,157,0,1388,0,0
327,26575,26253,15510,2328,0,999,,,,,,,,,,,,,,,,,,,,,,327,482,157,0,1394,0,999
328,26701,26378,15020,2335,0,1001,,,,,,,,,,,,,,,,,,,,,,328,484,158,0,1401,0,0
329,26782,26458,16014,2344,0,0,,,,,,,,,,,,,,,,,,,,,,329,485,158,1502,1402,0,0
330,26802,26477,14510,2345,0,998,,,,,,,,,,,,,,,,,,,,,,330,486,158,0,1403,0,1004
331,27120,26794,16020,2360,0,1000,,,,,,,,,,,,,,,,,,,,,,331,488,159,0,1410,0,1003
332,27125,26798,15516,2350,0,503,,,,,,,,,,,,,,,,,,,,,,332,490,160,0,1411,0,999
333,27374,27046,16519,2363,0,1001,,,,,,,,,,,,,,,,,,,,,,333,494,163,0,1424,0,1000
334,27404,27075,15031,2384,0,0,,,,,,,,,,,,,,,,,,,,,,334,495,163,0,1425,0,999
335,27492,27162,17018,2390,0,1003,,,,,,,,,,,,,,,,,,,,,,335,496,163,0,1430,0,0
336,27510,27179,15515,2409,0,1008,,,,,,,,,,,,,,,,,,,,,,336,497,163,0,1428,0,0
337,27759,27427,16013,2421,0,1001,,,,,,,,,,,,,,,,,,,,,,337,498,163,998,1430,0,0
338,27898,27565,16015,2421,0,1004,,,,,,,,,,,,,,,,,,,,,,338,499,163,0,1443,0,0
339,27964,27630,15511,2431,0,2018,,,,,,,,,,,,,,,,,,,,,,339,500,163,0,1453,0,1000
340,28161,27826,15516,2437,0,1001,,,,,,,,,,,,,,,,,,,,,,340,502,164,0,1453,0,999
341,28339,28003,17021,2439,0,999,,,,,,,,,,,,,,,,,,,,,,341,504,165,0,1454,0,0
342,28539,28202,16017,2440,0,1001,,,,,,,,,,,,,,,,,,,,,,342,505,165,1003,1452,0,0
343,28844,28506,16515,2460,0,1502,,,,,,,,,,,,,,,,,,,,,,343,506,165,0,1466,0,0
344,28864,28525,16520,2476,0,998,,,,,,,,,,,,,,,,,,,,,,344,507,165,0,1467,0,999
345,28870,28530,17021,2486,0,999,,,,,,,,,,,,,,,,,,,,,,345,510,167,0,1475,0,999
346,29148,28807,17020,2492,0,1000,,,,,,,,,,,,,,,,,,,,,,346,512,168,0,1479,0,999
347,29470,29128,17011,2504,0,1004,,,,,,,,,,,,,,,,,,,,,,347,517,172,0,1483,0,1000
348,29595,29252,16511,2508,0,1000,,,,,,,,,,,,,,,,,,,,,,348,518,172,0,1492,0,999
349,29832,29488,18019,2515,0,999,,,,,,,,,,,,,,,,,,,,,,349,519,172,0,1494,0,999
350,30163,29818,17021,2522,0,1000,,,,,,,,,,,,,,,,,,,,,,350,520,172,0,1515,0,0
351,30196,29850,17018,2543,0,998,,,,,,,,,,,,,,,,,,,,,,351,522,173,0,1515,0,1502
352,30502,30155,18020,2550,0,0,,,,,,,,,,,,,,,,,,,,,,352,524,174,0,1518,0,1004
353,30661,30313,18026,2562,0,1002,,,,,,,,,,,,,,,,,,,,,,353,525,174,0,1522,0,1003
354,30999,30650,16509,2574,0,1502,,,,,,,,,,,,,,,,,,,,,,354,526,174,0,1526,0,999
355,31235,30885,18517,2575,0,0,,,,,,,,,,,,,,,,,,,,,,355,527,174,0,1530,0,999
356,31469,31118,19019,2572,0,999,,,,,,,,,,,,,,,,,,,,,,356,528,174,0,1533,0,999
357,31496,31144,18021,2585,0,999,,,,,,,,,,,,,,,,,,,,,,357,530,175,0,1539,0,1001
358,31581,31228,18024,2596,0,1001,,,,,,,,,,,,,,,,,,,,,,358,531,175,0,1551,0,1000
359,31903,31549,19019,2613,0,1000,,,,,,,,,,,,,,,,,,,,,,359,532,175,0,1559,0,998
360,31975,31620,18019,2614,0,999,,,,,,,,,,,,,,,,,,,,,,360,533,175,0,1561,0,999
361,32202,31846,19523,2621,0,1000,,,,,,,,,,,,,,,,,,,,,,361,535,176,0,1565,0,1000
362,32492,32135,18020,2624,0,1000,,,,,,,,,,,,,,,,,,,,,,362,538,178,0,1578,0,502
363,32704,32346,20019,2623,0,1001,,,,,,,,,,,,,,,,,,,,,,363,539,178,0,1579,0,1004
364,33028,32669,18021,2667,0,1000,,,,,,,,,,,,,,,,,,,,,,364,543,181,0,1581,0,1003
365,33065,32705,20021,2670,0,1001,,,,,,,,,,,,,,,,,,,,,,365,544,181,0,1590,0,999
366,33324,32963,18521,2671,0,1000,,,,,,,,,,,,,,,,,,,,,,366,545,181,0,1594,0,1000
367,33516,33154,20020,2685,0,1001,,,,,,,,,,,,,,,,,,,,,,367,546,181,0,1601,0,999
368,33529,33166,19017,2671,0,1001,,,,,,,,,,,,,,,,,,,,,,368,548,182,0,1603,0,1001
369,33717,33353,19018,2680,0,998,,,,,,,,,,,,,,,,,,,,,,369,550,183,0,1608,0,999
370,33913,33548,19020,2684,0,999,,,,,,,,,,,,,,,,,,,,,,370,551,183,0,1613,0,999
371,33997,33631,20523,2693,0,0,,,,,,,,,,,,,,,,,,,,,,371,552,183,0,1621,0,0
372,34205,33838,20023,2708,0,1502,,,,,,,,,,,,,,,,,,,,,,372,553,183,1502,1627,0,0
373,34466,34098,20021,2720,0,1004,,,,,,,,,,,,,,,,,,,,,,373,555,184,1003,1629,0,0
374,34522,34153,20020,2737,0,1003,,,,,,,,,,,,,,,,,,,,,,374,556,184,1003,1637,0,0
375,34531,34161,20021,2730,0,1000,,,,,,,,,,,,,,,,,,,,,,375,557,184,999,1637,0,0
376,34589,34218,19518,2734,0,0,,,,,,,,,,,,,,,,,,,,,,376,559,185,1001,1656,0,0
377,34803,34431,20008,2746,0,999,,,,,,,,,,,,,,,,,,,,,,377,562,187,998,1663,0,0
378,35062,34689,20019,2768,0,1000,,,,,,,,,,,,,,,,,,,,,,378,566,190,1000,1665,0,0
379,35257,34883,21023,2767,0,999,,,,,,,,,,,,,,,,,,,,,,379,568,191,0,1662,0,0
380,35567,35192,20017,2775,0,0,,,,,,,,,,,,,,,,,,,,,,380,569,191,0,1687,0,999
381,35938,35562,20524,2774,0,1004,,,,,,,,,,,,,,,,,,,,,,381,570,191,0,1696,0,1000
382,36039,35662,21021,2792,0,1000,,,,,,,,,,,,,,,,,,,,,,382,572,192,0,1686,0,502
383,36421,36043,21019,2805,0,1001,,,,,,,,,,,,,,,,,,,,,,383,573,192,0,1698,0,1004
384,36746,36367,21017,2803,0,998,,,,,,,,,,,,,,,,,,,,,,384,576,194,0,1711,0,0
385,36972,36592,22033,2812,0,1004,,,,,,,,,,,,,,,,,,,,,,385,577,194,0,1714,0,0
386,37178,36797,21019,2822,0,1003,,,,,,,,,,,,,,,,,,,,,,386,578,194,999,1700,0,0
387,37310,36928,21020,2836,0,1000,,,,,,,,,,,,,,,,,,,,,,387,579,194,1000,1710,0,0
388,37429,37046,21018,2836,0,1008,,,,,,,,,,,,,,,,,,,,,,388,580,194,1000,1719,0,0
389,37507,37123,22521,2841,0,1004,,,,,,,,,,,,,,,,,,,,,,389,582,195,0,1718,0,0
390,37838,37453,21020,2859,0,1000,,,,,,,,,,,,,,,,,,,,,,390,585,197,0,1727,0,0
391,37984,37598,22019,2865,0,1004,,,,,,,,,,,,,,,,,,,,,,391,586,197,1503,1734,0,0
392,38182,37795,21523,2877,0,1004,,,,,,,,,,,,,,,,,,,,,,392,588,198,1003,1738,0,0
393,38499,38111,23024,2886,0,1001,,,,,,,,,,,,,,,,,,,,,,393,589,198,1003,1741,0,0
394,38817,38428,22018,2912,0,1001,,,,,,,,,,,,,,,,,,,,,,394,590,198,0,1739,0,1000
395,39153,38763,22524,2910,0,2007,,,,,,,,,,,,,,,,,,,,,,395,592,199,0,1743,0,999
396,39259,38868,22021,2917,0,1000,,,,,,,,,,,,,,,,,,,,,,396,593,199,0,1759,0,1001
397,39562,39170,23018,2932,0,1519,,,,,,,,,,,,,,,,,,,,,,397,594,199,0,1762,0,998
398,39955,39562,23028,2925,0,998,,,,,,,,,,,,,,,,,,,,,,398,595,199,0,1765,0,1000
399,40252,39858,23029,2924,0,1001,,,,,,,,,,,,,,,,,,,,,,399,597,200,0,1770,0,999
400,40513,40118,22527,2966,0,1003,,,,,,,,,,,,,,,,,,,,,,400,598,200,0,1777,0,1503
401,40634,40238,24020,2974,0,998,,,,,,,,,,,,,,,,,,,,,,401,599,200,0,1781,0,1003
402,40717,40320,23528,2961,0,1003,,,,,,,,,,,,,,,,,,,,,,402,601,201,0,1774,0,1003
403,40951,40553,24019,2969,0,998,,,,,,,,,,,,,,,,,,,,,,403,603,202,0,1781,0,999
404,41354,40956,23527,2986,0,1003,,,,,,,,,,,,,,,,,,,,,,404,607,205,0,1793,0,1000
405,41362,40963,24021,3003,0,998,,,,,,,,,,,,,,,,,,,,,,405,608,205,0,1804,0,1000
406,41431,41031,24033,3011,0,1003,,,,,,,,,,,,,,,,,,,,,,406,609,205,0,1803,0,0
407,41509,41108,24022,3007,0,999,,,,,,,,,,,,,,,,,,,,,,407,610,205,999,1812,0,0
408,41828,41426,23531,3025,0,998,,,,,,,,,,,,,,,,,,,,,,408,611,205,999,1817,0,0
409,42131,41728,25036,3035,0,0,,,,,,,,,,,,,,,,,,,,,,409,612,205,0,1815,0,1503
410,42475,42071,25029,3031,0,999,,,,,,,,,,,,,,,,,,,,,,410,613,205,0,1814,0,0
411,42871,42466,25521,3042,0,1004,,,,,,,,,,,,,,,,,,,,,,411,616,207,1003,1827,0,0
412,43063,42657,25026,3062,0,998,,,,,,,,,,,,,,,,,,,,,,412,620,210,1000,1830,0,999
413,43172,42765,25541,3082,0,998,,,,,,,,,,,,,,,,,,,,,,413,621,210,0,1834,0,999
414,43199,42791,24525,3067,0,999,,,,,,,,,,,,,,,,,,,,,,414,622,210,0,1844,0,1001
415,43481,43072,26534,3076,0,1000,,,,,,,,,,,,,,,,,,,,,,415,623,210,0,1858,0,999
416,43544,43134,24528,3093,0,1004,,,,,,,,,,,,,,,,,,,,,,416,624,210,0,1852,0,999
417,43648,43237,26021,3101,0,999,,,,,,,,,,,,,,,,,,,,,,417,625,210,0,1855,0,999
418,43872,43460,26033,3110,0,1009,,,,,,,,,,,,,,,,,,,,,,418,626,210,1000,1852,0,503
419,43979,43566,25519,3126,0,1003,,,,,,,,,,,,,,,,,,,,,,419,628,211,0,1856,0,1004
420,44099,43685,25018,3136,0,1000,,,,,,,,,,,,,,,,,,,,,,420,629,211,0,1872,0,1003
421,44243,43828,26032,3143,0,999,,,,,,,,,,,,,,,,,,,,,,421,630,211,0,1871,0,999
422,44443,44027,25531,3155,0,999,,,,,,,,,,,,,,,,,,,,,,422,631,211,1000,1894,0,0
423,44572,44155,26524,3157,0,1005,,,,,,,,,,,,,,,,,,,,,,423,633,212,0,1895,0,1001
424,44961,44543,26026,3163,0,999,,,,,,,,,,,,,,,,,,,,,,424,634,212,0,1891,0,999
425,45218,44799,27034,3175,0,999,,,,,,,,,,,,,,,,,,,,,,425,635,212,0,1895,0,1000
426,45420,45000,25530,3185,0,1003,,,,,,,,,,,,,,,,,,,,,,426,636,212,0,1900,0,1502
427,45482,45061,26521,3194,0,1003,,,,,,,,,,,,,,,,,,,,,,427,637,212,0,1904,0,1004
428,45531,45109,26024,3192,0,999,,,,,,,,,,,,,,,,,,,,,,428,639,213,0,1919,0,1003
429,45699,45276,27036,3205,0,2000,,,,,,,,,,,,,,,,,,,,,,429,640,213,0,1924,0,999
430,45713,45289,25532,3208,0,1000,,,,,,,,,,,,,,,,,,,,,,430,641,213,0,1911,0,0
431,45755,45330,27524,3218,0,1003,,,,,,,,,,,,,,,,,,,,,,431,642,213,1000,1928,0,1000
432,45808,45382,25525,3242,0,0,,,,,,,,,,,,,,,,,,,,,,432,643,213,0,1942,0,999
433,46132,45705,27533,3253,0,999,,,,,,,,,,,,,,,,,,,,,,433,645,214,0,1945,0,999
434,46327,45899,26535,3260,0,998,,,,,,,,,,,,,,,,,,,,,,434,646,214,0,1947,0,999
435,46383,45954,27531,3266,0,999,,,,,,,,,,,,,,,,,,,,,,435,647,214,0,1945,0,1503
436,46533,46103,26024,3271,0,2006,,,,,,,,,,,,,,,,,,,,,,436,648,214,0,1964,0,1004
437,46714,46283,27525,3281,0,1003,,,,,,,,,,,,,,,,,,,,,,437,649,214,0,1965,0,1003
438,46827,46395,26024,3295,0,999,,,,,,,,,,,,,,,,,,,,,,438,650,214,999,1971,0,0
439,46950,46517,27033,3293,0,999,,,,,,,,,,,,,,,,,,,,,,439,651,214,999,1966,0,1006
440,46984,46550,26530,3306,0,999,,,,,,,,,,,,,,,,,,,,,,440,652,214,0,1992,0,993
441,47226,46791,28532,3316,0,1001,,,,,,,,,,,,,,,,,,,,,,441,655,216,0,1996,0,999
442,47280,46844,26525,3307,0,1003,,,,,,,,,,,,,,,,,,,,,,442,656,216,0,1990,0,999
443,47294,46857,27025,3310,0,2007,,,,,,,,,,,,,,,,,,,,,,443,657,216,0,1990,0,1502
444,47481,47043,26020,3332,0,1503,,,,,,,,,,,,,,,,,,,,,,444,658,216,0,2003,0,1004
445,47907,47468,29033,3331,0,1001,,,,,,,,,,,,,,,,,,,,,,445,659,216,1003,2006,0,0
446,48298,47858,27032,3352,0,2001,,,,,,,,,,,,,,,,,,,,,,446,660,216,0,2020,0,999
447,48726,48285,28528,3368,0,1000,,,,,,,,,,,,,,,,,,,,,,447,661,216,0,2021,0,999
448,49080,48638,28529,3393,0,999,,,,,,,,,,,,,,,,,,,,,,448,662,216,0,2021,0,1000
449,49407,48964,28845,3400,0,999,,,,,,,,,,,,,,,,,,,,,,449,663,216,0,2024,0,0
450,49779,49335,28037,3402,0,1999,,,,,,,,,,,,,,,,,,,,,,450,665,217,1000,2026,0,0
451,50229,49784,29531,3402,0,1502,,,,,,,,,,,,,,,,,,,,,,451,668,219,0,2031,0,512
452,50238,49792,28030,3426,0,999,,,,,,,,,,,,,,,,,,,,,,452,669,219,0,2055,0,1003
453,50362,49915,30033,3427,0,1502,,,,,,,,,,,,,,,,,,,,,,453,670,219,0,2061,0,0
454,50539,50091,28029,3426,0,2507,,,,,,,,,,,,,,,,,,,,,,454,671,219,1000,2043,0,999
455,50705,50256,29527,3445,0,2007,,,,,,,,,,,,,,,,,,,,,,455,673,220,0,2049,0,1000
456,51056,50606,29038,3462,0,1003,,,,,,,,,,,,,,,,,,,,,,456,674,220,0,2056,0,1000
457,51376,50925,30529,3465,0,1000,,,,,,,,,,,,,,,,,,,,,,457,675,220,0,2059,0,0
458,51488,51036,29532,3471,0,999,,,,,,,,,,,,,,,,,,,,,,458,676,220,1001,2073,0,0
459,51930,51477,31036,3476,0,999,,,,,,,,,,,,,,,,,,,,,,459,678,221,0,2073,0,0
460,52211,51757,30538,3507,0,999,,,,,,,,,,,,,,,,,,,,,,460,680,222,1003,2073,0,1006
461,52312,51857,30529,3513,0,1502,,,,,,,,,,,,,,,,,,,,,,461,683,224,0,2081,0,1003
462,52337,51881,29528,3506,0,2004,,,,,,,,,,,,,,,,,,,,,,462,684,224,0,2098,0,999
463,52799,52343,31041,3521,0,2000,,,,,,,,,,,,,,,,,,,,,,463,685,224,999,2094,0,0
464,53153,52696,29532,3528,0,2001,,,,,,,,,,,,,,,,,,,,,,464,686,224,0,2120,0,1001
465,53192,52734,31531,3535,0,999,,,,,,,,,,,,,,,,,,,,,,465,687,224,0,2120,0,998
466,53218,52759,31048,3537,0,502,,,,,,,,,,,,,,,,,,,,,,466,688,224,0,2120,0,999
467,53227,52767,31537,3549,0,999,,,,,,,,,,,,,,,,,,,,,,467,689,224,1000,2124,0,502
468,53438,52977,30534,3559,0,1001,,,,,,,,,,,,,,,,,,,,,,468,690,224,0,2136,0,1003
469,53485,53023,32042,3562,0,1000,,,,,,,,,,,,,,,,,,,,,,469,691,224,1003,2141,0,1000
470,53747,53284,30531,3584,0,503,,,,,,,,,,,,,,,,,,,,,,470,692,224,0,2145,0,1000
471,54169,53705,32536,3585,0,999,,,,,,,,,,,,,,,,,,,,,,471,694,225,0,2155,0,998
472,54200,53735,31033,3613,0,1999,,,,,,,,,,,,,,,,,,,,,,472,696,226,1000,2160,0,1000
473,54556,54090,32540,3618,0,1507,,,,,,,,,,,,,,,,,,,,,,473,697,226,0,2165,0,999
474,54867,54400,30529,3601,0,993,,,,,,,,,,,,,,,,,,,,,,474,698,226,0,2163,0,1504
475,55113,54645,33034,3624,0,998,,,,,,,,,,,,,,,,,,,,,,475,699,226,0,2170,0,1003
476,55459,54990,32031,3633,0,1003,,,,,,,,,,,,,,,,,,,,,,476,702,228,0,2170,0,1000
477,55930,55460,33533,3640,0,2001,,,,,,,,,,,,,,,,,,,,,,477,703,228,1003,2186,0,999
478,55935,55464,32038,3658,0,0,,,,,,,,,,,,,,,,,,,,,,478,704,228,0,2189,0,1001
479,56222,55750,32539,3679,0,2001,,,,,,,,,,,,,,,,,,,,,,479,706,229,0,2203,0,999
480,56383,55910,32529,3671,0,999,,,,,,,,,,,,,,,,,,,,,,480,708,230,999,2211,0,0
481,56832,56358,33545,3678,0,2002,,,,,,,,,,,,,,,,,,,,,,481,712,233,0,2215,0,1000
482,57118,56643,32531,3693,0,999,,,,,,,,,,,,,,,,,,,,,,482,713,233,0,2227,0,1503
483,57196,56720,34041,3706,0,1000,,,,,,,,,,,,,,,,,,,,,,483,714,233,0,2224,0,1004
484,57220,56743,33036,3693,0,999,,,,,,,,,,,,,,,,,,,,,,484,716,234,0,2231,0,1003
485,57395,56917,34038,3702,0,2003,,,,,,,,,,,,,,,,,,,,,,485,718,235,999,2235,0,1000
486,57517,57038,33032,3721,0,1000,,,,,,,,,,,,,,,,,,,,,,486,719,235,0,2240,0,999
487,57601,57121,35041,3737,0,999,,,,,,,,,,,,,,,,,,,,,,487,720,235,0,2242,0,1001
488,57607,57126,33531,3733,0,999,,,,,,,,,,,,,,,,,,,,,,488,722,236,1000,2242,0,998
489,57824,57342,34553,3745,0,2000,,,,,,,,,,,,,,,,,,,,,,489,723,236,0,2248,0,1502
490,57908,57425,32536,3749,0,1005,,,,,,,,,,,,,,,,,,,,,,490,724,236,0,2266,0,1003
491,58281,57797,34050,3774,0,1000,,,,,,,,,,,,,,,,,,,,,,491,726,237,0,2281,0,1001
492,58762,58277,34031,3774,0,1503,,,,,,,,,,,,,,,,,,,,,,492,727,237,1003,2275,0,1000
493,59007,58521,34538,3781,0,2001,,,,,,,,,,,,,,,,,,,,,,493,729,238,0,2285,0,1001
494,59048,58561,34044,3788,0,1003,,,,,,,,,,,,,,,,,,,,,,494,730,238,0,2287,0,999
495,59234,58746,35045,3808,0,1003,,,,,,,,,,,,,,,,,,,,,,495,731,238,998,2290,0,999
496,59578,59089,34031,3811,0,2001,,,,,,,,,,,,,,,,,,,,,,496,732,238,0,2308,0,1000
497,59838,59348,35036,3820,0,998,,,,,,,,,,,,,,,,,,,,,,497,733,238,0,2311,0,502
498,60039,59548,34040,3832,0,1999,,,,,,,,,,,,,,,,,,,,,,498,734,238,0,2320,0,1004
499,60278,59786,36041,3841,0,999,,,,,,,,,,,,,,,,,,,,,,499,736,239,1003,2324,0,1003
500,60441,59948,35545,3855,0,999,,,,,,,,,,,,,,,,,,,,,,500,739,241,0,2323,0,996
501,60642,60148,36538,3863,0,1502,,,,,,,,,,,,,,,,,,,,,,501,742,243,0,2326,0,0
502,61134,60639,34539,3858,0,1999,,,,,,,,,,,,,,,,,,,,,,502,743,243,0,2350,0,999
503,61179,60683,35545,3868,0,2000,,,,,,,,,,,,,,,,,,,,,,503,744,243,0,2349,0,999
504,61482,60985,34528,3903,0,1502,,,,,,,,,,,,,,,,,,,,,,504,745,243,0,2356,0,1502
505,61583,61085,36535,3906,0,2000,,,,,,,,,,,,,,,,,,,,,,505,746,243,1003,2357,0,1001
506,61942,61443,34549,3910,0,1000,,,,,,,,,,,,,,,,,,,,,,506,748,244,0,2381,0,1002
507,62295,61795,37045,3905,0,999,,,,,,,,,,,,,,,,,,,,,,507,751,246,0,2379,0,1000
508,62685,62184,36547,3924,0,1003,,,,,,,,,,,,,,,,,,,,,,508,752,246,1000,2381,0,999
509,63023,62521,37579,3928,0,1503,,,,,,,,,,,,,,,,,,,,,,509,753,246,0,2387,0,999
510,63265,62762,35552,3939,0,1999,,,,,,,,,,,,,,,,,,,,,,510,754,246,1000,2411,0,998
511,63291,62787,37544,3935,0,1001,,,,,,,,,,,,,,,,,,,,,,511,755,246,0,2408,0,1502
512,63644,63139,36036,3957,0,987,,,,,,,,,,,,,,,,,,,,,,512,756,246,0,2411,0,1003
513,64116,63610,38034,3967,0,1003,,,,,,,,,,,,,,,,,,,,,,513,758,247,0,2412,0,1003
514,64133,63626,37035,3979,0,1506,,,,,,,,,,,,,,,,,,,,,,514,760,248,1000,2412,0,999
515,64411,63903,38536,3997,0,1507,,,,,,,,,,,,,,,,,,,,,,515,764,251,0,2427,0,999
516,64865,64356,37039,3991,0,1502,,,,,,,,,,,,,,,,,,,,,,516,765,251,1000,2432,0,1000
517,65286,64776,38546,4008,0,1502,,,,,,,,,,,,,,,,,,,,,,517,766,251,0,2438,0,999
518,65525,65014,37556,4018,0,999,,,,,,,,,,,,,,,,,,,,,,518,767,251,0,2426,0,1503
519,65633,65121,38545,4024,0,2000,,,,,,,,,,,,,,,,,,,,,,519,770,253,1003,2446,0,1000
520,66017,65504,38041,4015,0,999,,,,,,,,,,,,,,,,,,,,,,520,771,253,0,2437,0,1002
521,66514,66000,39550,4028,0,1999,,,,,,,,,,,,,,,,,,,,,,521,772,253,0,2442,0,0
522,66648,66133,38048,4042,0,2000,,,,,,,,,,,,,,,,,,,,,,522,773,253,0,2439,0,999
523,67065,66549,39042,4058,0,1502,,,,,,,,,,,,,,,,,,,,,,523,775,254,0,2448,0,998
524,67150,66633,38042,4070,0,1502,,,,,,,,,,,,,,,,,,,,,,524,778,256,0,2465,0,999
525,67218,66700,39040,4086,0,2004,,,,,,,,,,,,,,,,,,,,,,525,782,259,0,2472,0,1502
526,67512,66993,38551,4087,0,1145,,,,,,,,,,,,,,,,,,,,,,526,783,259,0,2463,0,1002
527,67993,67473,40050,4100,0,999,,,,,,,,,,,,,,,,,,,,,,527,784,259,1003,2460,0,1001
528,68223,67702,38042,4103,0,2001,,,,,,,,,,,,,,,,,,,,,,528,785,259,0,2474,0,998
529,68454,67932,40550,4116,0,1999,,,,,,,,,,,,,,,,,,,,,,529,786,259,999,2479,0,1015
530,68637,68114,43044,4132,0,1518,,,,,,,,,,,,,,,,,,,,,,530,788,260,0,2473,0,983
531,69139,68615,40552,4132,0,2001,,,,,,,,,,,,,,,,,,,,,,531,789,260,1000,2476,0,0
532,69502,68977,39034,4135,0,998,,,,,,,,,,,,,,,,,,,,,,532,790,260,1502,2492,0,1003
533,69919,69393,41551,4146,0,1999,,,,,,,,,,,,,,,,,,,,,,533,791,260,0,2496,0,1001
534,70080,69553,40046,4160,0,1502,,,,,,,,,,,,,,,,,,,,,,534,792,260,1003,2490,0,1000
535,70591,70063,42050,4176,0,999,,,,,,,,,,,,,,,,,,,,,,535,793,260,0,2509,0,999
536,70701,70172,40559,4162,0,2001,,,,,,,,,,,,,,,,,,,,,,536,795,261,1001,2504,0,999
537,70708,70178,42038,4173,0,1000,,,,,,,,,,,,,,,,,,,,,,537,798,263,0,2511,0,999
538,70864,70333,41047,4179,0,1004,,,,,,,,,,,,,,,,,,,,,,538,799,263,1001,2516,0,999
539,71311,70779,42043,4204,0,1999,,,,,,,,,,,,,,,,,,,,,,539,800,263,503,2521,0,1004
540,71551,71018,40549,4225,0,1999,,,,,,,,,,,,,,,,,,,,,,540,801,263,0,2515,0,1003
541,71690,71156,42557,4236,0,1004,,,,,,,,,,,,,,,,,,,,,,541,802,263,998,2524,0,1005
542,72072,71537,42044,4244,0,999,,,,,,,,,,,,,,,,,,,,,,542,803,263,0,2533,0,994
543,72551,72015,43545,4244,0,1000,,,,,,,,,,,,,,,,,,,,,,543,804,263,1000,2547,0,999
544,72660,72123,41546,4273,0,1004,,,,,,,,,,,,,,,,,,,,,,544,805,263,0,2540,0,1000
545,73016,72478,43548,4283,0,1998,,,,,,,,,,,,,,,,,,,,,,545,806,263,0,2541,0,1502
546,73377,72838,42040,4272,0,1506,,,,,,,,,,,,,,,,,,,,,,546,807,263,0,2550,0,1000
547,73392,72852,43556,4293,0,1000,,,,,,,,,,,,,,,,,,,,,,547,809,264,0,2564,0,1002
548,73399,72858,41040,4299,0,1999,,,,,,,,,,,,,,,,,,,,,,548,812,266,0,2553,0,1000
549,73823,73281,43585,4307,0,1011,,,,,,,,,,,,,,,,,,,,,,549,816,269,0,2562,0,998
550,74018,73475,42043,4323,0,1001,,,,,,,,,,,,,,,,,,,,,,550,821,273,0,2578,0,1000
551,74291,73747,44551,4328,0,2000,,,,,,,,,,,,,,,,,,,,,,551,822,273,1000,2580,0,999
552,74371,73826,42550,4334,0,1503,,,,,,,,,,,,,,,,,,,,,,552,823,273,502,2566,0,1004
553,74564,74018,44050,4342,0,2000,,,,,,,,,,,,,,,,,,,,,,553,824,273,0,2570,0,1003
554,74914,74367,42807,4348,0,1507,,,,,,,,,,,,,,,,,,,,,,554,825,273,999,2579,0,1000
555,75396,74848,44563,4363,0,2001,,,,,,,,,,,,,,,,,,,,,,555,827,274,0,2583,0,999
556,75576,75027,43056,4378,0,2007,,,,,,,,,,,,,,,,,,,,,,556,828,274,0,2595,0,998
557,76119,75569,45041,4380,0,999,,,,,,,,,,,,,,,,,,,,,,557,829,274,0,2598,0,0
558,76129,75578,44057,4371,0,1999,,,,,,,,,,,,,,,,,,,,,,558,833,277,0,2611,0,1004
559,76681,76129,44044,4401,0,2505,,,,,,,,,,,,,,,,,,,,,,559,834,277,0,2612,0,999
560,76863,76310,43547,4389,0,998,,,,,,,,,,,,,,,,,,,,,,560,835,277,1003,2622,0,999
561,77067,76513,45553,4403,0,1998,,,,,,,,,,,,,,,,,,,,,,561,836,277,0,2622,0,1000
562,77201,76646,43561,4407,0,1503,,,,,,,,,,,,,,,,,,,,,,562,837,277,999,2620,0,1000
563,77480,76924,45048,4430,0,998,,,,,,,,,,,,,,,,,,,,,,563,838,277,0,2623,0,1999
564,77896,77339,44578,4431,0,2002,,,,,,,,,,,,,,,,,,,,,,564,839,277,0,2633,0,1502
565,78429,77871,46059,4444,0,2004,,,,,,,,,,,,,,,,,,,,,,565,840,277,0,2643,0,1003
566,78465,77906,45049,4462,0,2000,,,,,,,,,,,,,,,,,,,,,,566,841,277,1003,2641,0,999
567,78692,78132,46056,4470,0,2001,,,,,,,,,,,,,,,,,,,,,,567,842,277,0,2645,0,999
568,78735,78174,44562,4483,0,2002,,,,,,,,,,,,,,,,,,,,,,568,843,277,0,2644,0,1000
569,79248,78686,47049,4491,0,2007,,,,,,,,,,,,,,,,,,,,,,569,845,278,0,2650,0,1000
570,79483,78920,45042,4485,0,999,,,,,,,,,,,,,,,,,,,,,,570,846,278,0,2667,0,1502
571,79918,79354,49058,4506,0,999,,,,,,,,,,,,,,,,,,,,,,571,847,278,0,2676,0,1003
572,80441,79876,46548,4529,0,999,,,,,,,,,,,,,,,,,,,,,,572,848,278,1000,2678,0,1003
573,80799,80233,48071,4534,0,2013,,,,,,,,,,,,,,,,,,,,,,573,849,278,0,2690,0,2000
574,81321,80754,46535,4556,0,1000,,,,,,,,,,,,,,,,,,,,,,574,850,278,0,2688,0,1000
575,81779,81211,48064,4554,0,1000,,,,,,,,,,,,,,,,,,,,,,575,851,278,999,2693,0,999
576,82153,81584,46542,4553,0,1999,,,,,,,,,,,,,,,,,,,,,,576,853,279,0,2702,0,999
577,82670,82100,48591,4564,0,1000,,,,,,,,,,,,,,,,,,,,,,577,855,280,0,2705,0,1507
578,83164,82593,47553,4572,0,999,,,,,,,,,,,,,,,,,,,,,,578,858,282,0,2706,0,1003
579,83188,82616,49556,4579,0,2000,,,,,,,,,,,,,,,,,,,,,,579,859,282,999,2714,0,999
580,83543,82970,47564,4595,0,1998,,,,,,,,,,,,,,,,,,,,,,580,860,282,0,2730,0,1000
581,83801,83227,49552,4602,0,1000,,,,,,,,,,,,,,,,,,,,,,581,861,282,0,2732,0,998
582,84361,83786,48548,4621,0,1999,,,,,,,,,,,,,,,,,,,,,,582,863,283,0,2720,0,0
583,84648,84072,50054,4616,0,999,,,,,,,,,,,,,,,,,,,,,,583,864,283,1503,2723,0,1004
584,84660,84083,48551,4647,0,999,,,,,,,,,,,,,,,,,,,,,,584,865,283,0,2726,0,1003
585,84829,84251,49581,4651,0,1510,,,,,,,,,,,,,,,,,,,,,,585,866,283,0,2729,0,999
586,85383,84804,49052,4656,0,1004,,,,,,,,,,,,,,,,,,,,,,586,869,285,999,2730,0,1000
587,85563,84983,51049,4669,0,2000,,,,,,,,,,,,,,,,,,,,,,587,870,285,0,2747,0,999
588,85869,85288,48550,4674,0,2001,,,,,,,,,,,,,,,,,,,,,,588,871,285,0,2757,0,999
589,85964,85382,51072,4692,0,999,,,,,,,,,,,,,,,,,,,,,,589,872,285,999,2762,0,503
590,86545,85962,50552,4710,0,1502,,,,,,,,,,,,,,,,,,,,,,590,875,287,1004,2761,0,1003
591,86889,86305,51555,4723,0,2003,,,,,,,,,,,,,,,,,,,,,,591,876,287,0,2771,0,2004
592,87434,86849,49553,4705,0,2000,,,,,,,,,,,,,,,,,,,,,,592,877,287,0,2774,0,995
593,88020,87434,51551,4712,0,1999,,,,,,,,,,,,,,,,,,,,,,593,878,287,1001,2775,0,998
594,88607,88020,51053,4715,0,2007,,,,,,,,,,,,,,,,,,,,,,594,880,288,0,2784,0,0
595,88848,88260,52552,4733,0,2000,,,,,,,,,,,,,,,,,,,,,,595,882,289,1502,2792,0,1004
596,89092,88503,51550,4738,0,1000,,,,,,,,,,,,,,,,,,,,,,596,883,289,0,2793,0,1003
597,89542,88952,52079,4752,0,1000,,,,,,,,,,,,,,,,,,,,,,597,884,289,0,2808,0,998
598,89606,89015,51552,4772,0,1998,,,,,,,,,,,,,,,,,,,,,,598,885,289,998,2805,0,1000
599,90146,89554,54066,4771,0,2004,,,,,,,,,,,,,,,,,,,,,,599,886,289,0,2818,0,1999
600,90335,89742,52571,4789,0,2000,,,,,,,,,,,,,,,,,,,,,,600,887,289,0,2819,0,1000
601,90453,89859,54058,4797,0,998,,,,,,,,,,,,,,,,,,,,,,601,888,289,1000,2822,0,502
602,91004,90409,53541,4805,0,1998,,,,,,,,,,,,,,,,,,,,,,602,890,290,0,2816,0,1003
603,91169,90573,55047,4810,0,2000,,,,,,,,,,,,,,,,,,,,,,603,892,291,1000,2827,0,999
604,91532,90935,53056,4807,0,2006,,,,,,,,,,,,,,,,,,,,,,604,896,294,0,2845,0,2001
605,91625,91027,55553,4809,0,999,,,,,,,,,,,,,,,,,,,,,,605,897,294,0,2850,0,998
606,91984,91385,52563,4826,0,1999,,,,,,,,,,,,,,,,,,,,,,606,898,294,999,2846,0,0
607,92069,91469,55109,4850,0,2004,,,,,,,,,,,,,,,,,,,,,,607,899,294,0,2844,0,1004
608,92359,91758,52558,4855,0,1999,,,,,,,,,,,,,,,,,,,,,,608,900,294,1003,2863,0,999
609,92845,92243,55583,4866,0,2000,,,,,,,,,,,,,,,,,,,,,,609,902,295,0,2866,0,2001
610,93129,92526,53558,4877,0,2502,,,,,,,,,,,,,,,,,,,,,,610,903,295,0,2857,0,999
611,93522,92918,55563,4875,0,999,,,,,,,,,,,,,,,,,,,,,,611,904,295,999,2861,0,999
612,93986,93381,54058,4899,0,2003,,,,,,,,,,,,,,,,,,,,,,612,906,296,1000,2883,0,999
613,94534,93928,56058,4916,0,2004,,,,,,,,,,,,,,,,,,,,,,613,907,296,503,2885,0,1004
614,94804,94197,55056,4920,0,2000,,,,,,,,,,,,,,,,,,,,,,614,908,296,0,2885,0,999
615,95077,94469,56082,4932,0,2000,,,,,,,,,,,,,,,,,,,,,,615,909,296,0,2884,0,999
616,95460,94851,54562,4945,0,2003,,,,,,,,,,,,,,,,,,,,,,616,910,296,0,2905,0,999
617,96021,95411,57051,4947,0,2007,,,,,,,,,,,,,,,,,,,,,,617,912,297,1000,2904,0,998
618,96432,95821,55061,4960,0,1502,,,,,,,,,,,,,,,,,,,,,,618,913,297,0,2905,0,1502
619,96635,96023,57062,4982,0,1999,,,,,,,,,,,,,,,,,,,,,,619,914,297,1004,2910,0,1003
620,96646,96033,55068,4969,0,1001,,,,,,,,,,,,,,,,,,,,,,620,915,297,0,2930,0,1999
621,96968,96354,58060,4976,0,2001,,,,,,,,,,,,,,,,,,,,,,621,917,298,0,2931,0,1000
622,97064,96449,56059,4980,0,998,,,,,,,,,,,,,,,,,,,,,,622,918,298,0,2930,0,999
623,97511,96895,57062,5001,0,2003,,,,,,,,,,,,,,,,,,,,,,623,919,298,999,2942,0,1001
624,97696,97079,57055,5024,0,2008,,,,,,,,,,,,,,,,,,,,,,624,921,299,0,2961,0,1502
625,98147,97529,58052,5034,0,2007,,,,,,,,,,,,,,,,,,,,,,625,922,299,1005,2966,0,1003
626,98681,98062,56567,5043,0,2506,,,,,,,,,,,,,,,,,,,,,,626,925,301,0,2979,0,999
627,98758,98138,59056,5044,0,1019,,,,,,,,,,,,,,,,,,,,,,627,929,304,0,2967,0,1000
628,98851,98230,56550,5043,0,1502,,,,,,,,,,,,,,,,,,,,,,628,930,304,0,2968,0,990
629,99176,98554,59069,5055,0,2004,,,,,,,,,,,,,,,,,,,,,,629,931,304,999,2971,0,1502
630,99581,98958,56550,5075,0,1503,,,,,,,,,,,,,,,,,,,,,,630,933,305,0,2998,0,1003
631,99958,99334,59565,5091,0,2003,,,,,,,,,,,,,,,,,,,,,,631,934,305,1003,3003,0,999
632,100110,99485,57066,5089,0,2007,,,,,,,,,,,,,,,,,,,,,,632,936,306,999,2986,0,999
633,100431,99805,60561,5096,0,998,,,,,,,,,,,,,,,,,,,,,,633,937,306,0,3000,0,1000
634,100917,100290,57579,5108,0,2003,,,,,,,,,,,,,,,,,,,,,,634,938,306,0,3005,0,1998
635,101111,100483,60067,5110,0,2000,,,,,,,,,,,,,,,,,,,,,,635,940,307,0,3009,0,1502
636,101651,101022,58566,5121,0,1998,,,,,,,,,,,,,,,,,,,,,,636,941,307,0,3023,0,2007
637,101765,101135,60064,5143,0,1999,,,,,,,,,,,,,,,,,,,,,,637,945,310,0,3025,0,1000
638,102066,101435,58565,5141,0,1502,,,,,,,,,,,,,,,,,,,,,,638,948,312,0,3043,0,999
639,102544,101912,61567,5177,0,1003,,,,,,,,,,,,,,,,,,,,,,639,949,312,1001,3044,0,998
640,102630,101997,59056,5171,0,1000,,,,,,,,,,,,,,,,,,,,,,640,950,312,999,3066,0,0
641,102873,102239,61568,5179,0,1998,,,,,,,,,,,,,,,,,,,,,,641,951,312,0,3068,0,1004
642,103274,102639,59078,5199,0,1999,,,,,,,,,,,,,,,,,,,,,,642,953,313,1003,3074,0,1000
643,103632,102996,62072,5222,0,2003,,,,,,,,,,,,,,,,,,,,,,643,954,313,999,3071,0,999
644,103654,103017,59564,5203,0,2000,,,,,,,,,,,,,,,,,,,,,,644,955,313,0,3064,0,1999
645,103720,103082,62069,5210,0,2000,,,,,,,,,,,,,,,,,,,,,,645,956,313,0,3064,0,1999
646,104154,103515,59559,5235,0,2507,,,,,,,,,,,,,,,,,,,,,,646,958,314,0,3076,0,1502
647,104755,104115,62566,5230,0,2001,,,,,,,,,,,,,,,,,,,,,,647,959,314,0,3088,0,2007
648,105020,104379,60061,5255,0,1999,,,,,,,,,,,,,,,,,,,,,,648,962,316,0,3078,0,1999
649,105338,104696,63064,5262,0,2008,,,,,,,,,,,,,,,,,,,,,,649,967,320,0,3089,0,1000
650,105345,104702,60573,5287,0,2002,,,,,,,,,,,,,,,,,,,,,,650,968,320,1000,3093,0,999
651,105740,105096,63060,5281,0,1502,,,,,,,,,,,,,,,,,,,,,,651,969,320,1001,3094,0,1503
652,106040,105395,61576,5291,0,2003,,,,,,,,,,,,,,,,,,,,,,652,971,321,0,3109,0,1004
653,106492,105846,63060,5300,0,999,,,,,,,,,,,,,,,,,,,,,,653,972,321,0,3110,0,999
654,106565,105918,62072,5290,0,2007,,,,,,,,,,,,,,,,,,,,,,654,973,321,1001,3115,0,999
655,106733,106085,64098,5317,0,1999,,,,,,,,,,,,,,,,,,,,,,655,975,322,1000,3116,0,999
656,107330,106681,61560,5335,0,2006,,,,,,,,,,,,,,,,,,,,,,656,976,322,0,3133,0,1000
657,107756,107106,64563,5347,0,1999,,,,,,,,,,,,,,,,,,,,,,657,977,322,0,3135,0,1503
658,108013,107362,62072,5361,0,2004,,,,,,,,,,,,,,,,,,,,,,658,979,323,1004,3137,0,1002
659,108217,107565,65060,5364,0,2000,,,,,,,,,,,,,,,,,,,,,,659,980,323,1000,3140,0,1001
660,108454,107801,62072,5337,0,2003,,,,,,,,,,,,,,,,,,,,,,660,984,326,0,3153,0,1001
661,108557,107903,64564,5345,0,1002,,,,,,,,,,,,,,,,,,,,,,661,986,327,0,3157,0,1998
662,108768,108113,62064,5377,0,2000,,,,,,,,,,,,,,,,,,,,,,662,987,327,0,3144,0,1502
663,109220,108564,65074,5394,0,999,,,,,,,,,,,,,,,,,,,,,,663,988,327,1004,3155,0,1003
664,109258,108601,62554,5384,0,1999,,,,,,,,,,,,,,,,,,,,,,664,989,327,0,3167,0,999
665,109361,108703,65572,5391,0,2001,,,,,,,,,,,,,,,,,,,,,,665,990,327,0,3170,0,2001
666,109840,109181,62566,5393,0,2506,,,,,,,,,,,,,,,,,,,,,,666,991,327,0,3176,0,1999
667,109949,109289,65577,5414,0,2013,,,,,,,,,,,,,,,,,,,,,,667,992,327,0,3189,0,999
668,110130,109469,63558,5452,0,2000,,,,,,,,,,,,,,,,,,,,,,668,994,328,504,3186,0,1003
669,110732,110070,66064,5455,0,2006,,,,,,,,,,,,,,,,,,,,,,669,995,328,1003,3188,0,1001
670,110869,110206,64564,5454,0,2000,,,,,,,,,,,,,,,,,,,,,,670,996,328,0,3203,0,1000
671,111244,110580,66588,5469,0,1999,,,,,,,,,,,,,,,,,,,,,,671,997,328,0,3199,0,1999
672,111617,110952,64072,5491,0,2003,,,,,,,,,,,,,,,,,,,,,,672,999,329,0,3199,0,1001
673,111738,111072,67068,5500,0,2008,,,,,,,,,,,,,,,,,,,,,,673,1003,332,1504,3205,0,1005
674,111773,111106,64061,5503,0,2000,,,,,,,,,,,,,,,,,,,,,,674,1004,332,0,3212,0,999
675,111774,111106,65573,5519,0,2000,,,,,,,,,,,,,,,,,,,,,,675,1005,332,0,3211,0,999
676,112127,111458,64327,5519,0,2003,,,,,,,,,,,,,,,,,,,,,,676,1006,332,0,3232,0,2000
677,112295,111625,67574,5523,0,2000,,,,,,,,,,,,,,,,,,,,,,677,1007,332,0,3240,0,2000
678,112372,111701,65073,5541,0,2004,,,,,,,,,,,,,,,,,,,,,,678,1008,332,0,3246,0,1504
679,112795,112123,66569,5557,0,2022,,,,,,,,,,,,,,,,,,,,,,679,1009,332,1005,3251,0,1004
680,113421,112748,65064,5549,0,1999,,,,,,,,,,,,,,,,,,,,,,680,1011,333,1000,3244,0,998
681,113963,113289,68074,5555,0,999,,,,,,,,,,,,,,,,,,,,,,681,1012,333,0,3250,0,1000
682,114072,113397,65081,5571,0,1998,,,,,,,,,,,,,,,,,,,,,,682,1013,333,0,3260,0,1003
683,114639,113963,68076,5578,0,1998,,,,,,,,,,,,,,,,,,,,,,683,1014,333,0,3264,0,1503
684,114762,114085,66572,5587,0,1999,,,,,,,,,,,,,,,,,,,,,,684,1015,333,1004,3251,0,1003
685,114953,114275,69085,5606,0,1998,,,,,,,,,,,,,,,,,,,,,,685,1016,333,999,3255,0,1000
686,115095,114416,67081,5633,0,1999,,,,,,,,,,,,,,,,,,,,,,686,1018,334,1001,3273,0,999
687,115512,114832,68576,5614,0,1999,,,,,,,,,,,,,,,,,,,,,,687,1021,336,999,3295,0,998
688,115868,115187,67090,5625,0,2000,,,,,,,,,,,,,,,,,,,,,,688,1023,337,0,3293,0,1001
689,115885,115203,69080,5639,0,1999,,,,,,,,,,,,,,,,,,,,,,689,1025,338,0,3294,0,1004
690,115963,115280,67570,5658,0,1998,,,,,,,,,,,,,,,,,,,,,,690,1026,338,0,3303,0,999
691,116531,115847,69080,5678,0,2501,,,,,,,,,,,,,,,,,,,,,,691,1027,338,0,3304,0,998
692,116627,115942,67579,5682,0,1000,,,,,,,,,,,,,,,,,,,,,,692,1028,338,0,3308,0,999
693,117231,116545,69117,5679,0,2507,,,,,,,,,,,,,,,,,,,,,,693,1030,339,0,3312,0,1502
694,117646,116959,67068,5688,0,2507,,,,,,,,,,,,,,,,,,,,,,694,1031,339,0,3317,0,2007
695,117673,116985,70080,5704,0,2003,,,,,,,,,,,,,,,,,,,,,,695,1035,342,0,3328,0,2001
696,117729,117040,67085,5706,0,2002,,,,,,,,,,,,,,,,,,,,,,696,1036,342,0,3343,0,1999
697,118198,117508,70570,5722,0,2000,,,,,,,,,,,,,,,,,,,,,,697,1037,342,0,3346,0,1999
698,118329,117638,68076,5726,0,1999,,,,,,,,,,,,,,,,,,,,,,698,1038,342,0,3347,0,2001
699,118606,117914,71077,5750,0,1998,,,,,,,,,,,,,,,,,,,,,,699,1040,343,502,3344,0,1004
700,118708,118015,68077,5753,0,1999,,,,,,,,,,,,,,,,,,,,,,700,1043,345,0,3383,0,999
701,118739,118045,70073,5758,0,2002,,,,,,,,,,,,,,,,,,,,,,701,1044,345,0,3382,0,1000
702,119102,118407,68087,5775,0,2004,,,,,,,,,,,,,,,,,,,,,,702,1049,349,0,3386,0,998
703,119269,118573,71078,5790,0,1998,,,,,,,,,,,,,,,,,,,,,,703,1050,349,0,3385,0,1502
704,119495,118798,68576,5804,0,2000,,,,,,,,,,,,,,,,,,,,,,704,1051,349,1004,3393,0,1004
705,120049,119351,71584,5813,0,2007,,,,,,,,,,,,,,,,,,,,,,705,1052,349,999,3395,0,999
706,120551,119852,73090,5821,0,1998,,,,,,,,,,,,,,,,,,,,,,706,1055,351,999,3403,0,1001
707,121247,120547,72581,5819,0,2006,,,,,,,,,,,,,,,,,,,,,,707,1056,351,1000,3418,0,999
708,121867,121166,69573,5838,0,1999,,,,,,,,,,,,,,,,,,,,,,708,1058,352,1000,3408,0,1501
709,121992,121290,73077,5858,0,2503,,,,,,,,,,,,,,,,,,,,,,709,1059,352,0,3411,0,1004
710,122078,121375,70087,5848,0,2007,,,,,,,,,,,,,,,,,,,,,,710,1060,352,0,3428,0,999
711,122087,121383,73075,5859,0,1998,,,,,,,,,,,,,,,,,,,,,,711,1061,352,998,3424,0,999
712,122112,121407,70585,5862,0,2501,,,,,,,,,,,,,,,,,,,,,,712,1062,352,999,3433,0,1000
713,122137,121431,72087,5863,0,2000,,,,,,,,,,,,,,,,,,,,,,713,1063,352,0,3443,0,2509
714,122639,121932,70599,5886,0,1999,,,,,,,,,,,,,,,,,,,,,,714,1065,353,0,3446,0,2003
715,123287,122579,73579,5896,0,2002,,,,,,,,,,,,,,,,,,,,,,715,1068,355,0,3435,0,2001
716,123686,122977,71574,5903,0,1998,,,,,,,,,,,,,,,,,,,,,,716,1069,355,0,3468,0,1001
717,124329,123619,74596,5926,0,1999,,,,,,,,,,,,,,,,,,,,,,717,1070,355,999,3468,0,999
718,124441,123730,71082,5928,0,1998,,,,,,,,,,,,,,,,,,,,,,718,1071,355,999,3478,0,1508
719,124613,123901,74601,5931,0,2001,,,,,,,,,,,,,,,,,,,,,,719,1072,355,0,3480,0,2004
720,125185,124472,72571,5938,0,1502,,,,,,,,,,,,,,,,,,,,,,720,1073,355,0,3478,0,1999
721,125721,125007,74577,5952,0,2007,,,,,,,,,,,,,,,,,,,,,,721,1074,355,0,3486,0,1000
722,125809,125094,72565,5945,0,2007,,,,,,,,,,,,,,,,,,,,,,722,1075,355,999,3501,0,1502
723,126274,125558,74576,5976,0,1999,,,,,,,,,,,,,,,,,,,,,,723,1077,356,0,3493,0,2007
724,126530,125813,72081,5973,0,1999,,,,,,,,,,,,,,,,,,,,,,724,1078,356,0,3509,0,1999
725,127079,126361,75076,5972,0,2007,,,,,,,,,,,,,,,,,,,,,,725,1079,356,0,3526,0,999
726,127611,126892,73073,5996,0,1998,,,,,,,,,,,,,,,,,,,,,,726,1080,356,0,3515,0,999
727,127644,126924,76602,5993,0,2000,,,,,,,,,,,,,,,,,,,,,,727,1081,356,0,3517,0,2508
728,128303,127582,74097,6035,0,2003,,,,,,,,,,,,,,,,,,,,,,728,1082,356,0,3536,0,2002
729,128682,127960,76575,6047,0,2006,,,,,,,,,,,,,,,,,,,,,,729,1083,356,0,3538,0,999
730,129226,128503,75092,6049,0,1999,,,,,,,,,,,,,,,,,,,,,,730,1084,356,0,3533,0,1001
731,129455,128731,76591,6054,0,2000,,,,,,,,,,,,,,,,,,,,,,731,1085,356,999,3544,0,998
732,130001,129276,75115,6076,0,1998,,,,,,,,,,,,,,,,,,,,,,732,1086,356,999,3553,0,1507
733,130268,129542,77082,6082,0,2999,,,,,,,,,,,,,,,,,,,,,,733,1087,356,0,3553,0,999
734,130453,129726,75079,6086,0,1999,,,,,,,,,,,,,,,,,,,,,,734,1089,357,1000,3573,0,999
735,130875,130147,78088,6103,0,2000,,,,,,,,,,,,,,,,,,,,,,735,1090,357,1000,3575,0,1000
736,131558,130829,76076,6079,0,2003,,,,,,,,,,,,,,,,,,,,,,736,1091,357,999,3571,0,1502
737,131984,131254,79079,6087,0,2000,,,,,,,,,,,,,,,,,,,,,,737,1092,357,0,3575,0,1001
738,132408,131677,77081,6085,0,2002,,,,,,,,,,,,,,,,,,,,,,738,1094,358,1004,3588,0,1000
739,132721,131989,79081,6105,0,3000,,,,,,,,,,,,,,,,,,,,,,739,1097,360,998,3598,0,1001
740,133365,132632,76077,6107,0,1999,,,,,,,,,,,,,,,,,,,,,,740,1102,364,999,3598,0,999
741,133841,133107,80087,6122,0,2001,,,,,,,,,,,,,,,,,,,,,,741,1103,364,0,3600,0,1504
742,133975,133240,77592,6156,0,1999,,,,,,,,,,,,,,,,,,,,,,742,1104,364,1004,3613,0,1004
743,134274,133538,80084,6136,0,1999,,,,,,,,,,,,,,,,,,,,,,743,1105,364,999,3618,0,999
744,134985,134248,79085,6158,0,2503,,,,,,,,,,,,,,,,,,,,,,744,1106,364,0,3623,0,1999
745,135457,134719,81091,6173,0,3004,,,,,,,,,,,,,,,,,,,,,,745,1109,366,0,3630,0,1001
746,136021,135282,78084,6189,0,1998,,,,,,,,,,,,,,,,,,,,,,746,1113,369,1502,3648,0,1507
747,136256,135516,81081,6199,0,2000,,,,,,,,,,,,,,,,,,,,,,747,1116,371,0,3638,0,1000
748,136838,136097,79081,6208,0,2503,,,,,,,,,,,,,,,,,,,,,,748,1117,371,999,3647,0,999
749,137119,136377,82113,6204,0,2003,,,,,,,,,,,,,,,,,,,,,,749,1118,371,999,3664,0,999
750,137477,136734,79587,6216,0,2000,,,,,,,,,,,,,,,,,,,,,,750,1119,371,0,3656,0,1502
751,137978,137234,83587,6226,0,1504,,,,,,,,,,,,,,,,,,,,,,751,1121,372,1003,3664,0,1000
752,138218,137473,79582,6225,0,2002,,,,,,,,,,,,,,,,,,,,,,752,1122,372,1003,3691,0,1000
753,138466,137720,82592,6236,0,1991,,,,,,,,,,,,,,,,,,,,,,753,1123,372,0,3691,0,1995
754,138634,137887,80080,6263,0,2507,,,,,,,,,,,,,,,,,,,,,,754,1125,373,0,3700,0,1999
755,139093,138345,83085,6264,0,1999,,,,,,,,,,,,,,,,,,,,,,755,1127,374,0,3709,0,1004
756,139117,138368,80089,6283,0,1503,,,,,,,,,,,,,,,,,,,,,,756,1130,376,1003,3706,0,1001
757,139589,138839,81350,6304,0,1764,,,,,,,,,,,,,,,,,,,,,,757,1131,376,999,3715,0,2000
758,140013,139262,80107,6300,0,2000,,,,,,,,,,,,,,,,,,,,,,758,1132,376,0,3714,0,1999
759,140056,139304,80593,6304,0,1999,,,,,,,,,,,,,,,,,,,,,,759,1133,376,0,3708,0,1503
760,140613,139860,80090,6330,0,2507,,,,,,,,,,,,,,,,,,,,,,760,1135,377,0,3754,0,2004
761,140677,139923,81079,6331,0,1999,,,,,,,,,,,,,,,,,,,,,,761,1136,377,0,3765,0,1999
762,140720,139965,83789,6323,0,2513,,,,,,,,,,,,,,,,,,,,,,762,1140,380,1001,3761,0,998
763,141422,140666,82605,6337,0,2000,,,,,,,,,,,,,,,,,,,,,,763,1142,381,1000,3767,0,999
764,141473,140716,83103,6355,0,2009,,,,,,,,,,,,,,,,,,,,,,764,1143,381,0,3766,0,1004
765,141730,140972,81610,6363,0,2001,,,,,,,,,,,,,,,,,,,,,,765,1144,381,1003,3762,0,1000
766,142405,141646,80576,6382,0,2004,,,,,,,,,,,,,,,,,,,,,,766,1145,381,0,3784,0,2000
767,142962,142202,82102,6383,0,3000,,,,,,,,,,,,,,,,,,,,,,767,1146,381,0,3790,0,1999
768,143273,142512,81587,6382,0,2507,,,,,,,,,,,,,,,,,,,,,,768,1149,383,0,3801,0,2506
769,143379,142617,83601,6393,0,1999,,,,,,,,,,,,,,,,,,,,,,769,1151,384,0,3803,0,2003
770,143942,143179,83103,6416,0,3008,,,,,,,,,,,,,,,,,,,,,,770,1152,384,0,3814,0,999
771,144669,143905,82589,6421,0,1000,,,,,,,,,,,,,,,,,,,,,,771,1153,384,1000,3822,0,1000
772,144794,144029,84099,6437,0,2000,,,,,,,,,,,,,,,,,,,,,,772,1154,384,998,3791,0,2000
773,145042,144276,83597,6458,0,2506,,,,,,,,,,,,,,,,,,,,,,773,1156,385,502,3795,0,1003
774,145731,144964,84086,6464,0,1999,,,,,,,,,,,,,,,,,,,,,,774,1159,387,0,3819,0,2000
775,146384,145616,84094,6469,0,1999,,,,,,,,,,,,,,,,,,,,,,775,1160,387,0,3820,0,1999
776,146786,146017,85105,6491,0,2511,,,,,,,,,,,,,,,,,,,,,,776,1161,387,999,3821,0,1000
777,146882,146112,84586,6497,0,1999,,,,,,,,,,,,,,,,,,,,,,777,1162,387,0,3825,0,2506
778,147486,146715,84095,6463,0,1999,,,,,,,,,,,,,,,,,,,,,,778,1163,387,1000,3842,0,1002
779,147494,146722,85097,6482,0,2000,,,,,,,,,,,,,,,,,,,,,,779,1164,387,1000,3839,0,2000
780,148054,147281,84585,6504,0,2007,,,,,,,,,,,,,,,,,,,,,,780,1165,387,0,3842,0,1999
781,148564,147790,86631,6512,0,2505,,,,,,,,,,,,,,,,,,,,,,781,1166,387,0,3848,0,1503
782,149070,148295,85087,6534,0,1999,,,,,,,,,,,,,,,,,,,,,,782,1167,387,0,3851,0,2008
783,149304,148528,86091,6539,0,2000,,,,,,,,,,,,,,,,,,,,,,783,1168,387,0,3863,0,999
784,149433,148656,86094,6550,0,3000,,,,,,,,,,,,,,,,,,,,,,784,1169,387,1000,3864,0,1001
785,149746,148968,86113,6566,0,2000,,,,,,,,,,,,,,,,,,,,,,785,1170,387,0,3867,0,1000
786,149923,149144,87089,6569,0,2003,,,,,,,,,,,,,,,,,,,,,,786,1171,387,1502,3869,0,2004
787,150201,149421,86087,6581,0,3007,,,,,,,,,,,,,,,,,,,,,,787,1172,387,0,3873,0,2004
788,150781,150000,87089,6611,0,2006,,,,,,,,,,,,,,,,,,,,,,788,1173,387,0,3877,0,1000
789,151197,150415,86581,6619,0,3511,,,,,,,,,,,,,,,,,,,,,,789,1175,388,999,3869,0,999
790,151828,151045,86592,6618,0,2506,,,,,,,,,,,,,,,,,,,,,,790,1176,388,0,3890,0,2003
791,152276,151492,87898,6622,0,2003,,,,,,,,,,,,,,,,,,,,,,791,1178,389,0,3898,0,1003
792,152777,151992,88088,6638,0,2008,,,,,,,,,,,,,,,,,,,,,,792,1179,389,1000,3890,0,999
793,152831,152045,88098,6654,0,3002,,,,,,,,,,,,,,,,,,,,,,793,1180,389,0,3897,0,1998
794,153327,152540,88098,6660,0,1999,,,,,,,,,,,,,,,,,,,,,,794,1181,389,0,3927,0,1502
795,153695,152907,89090,6672,0,2000,,,,,,,,,,,,,,,,,,,,,,795,1182,389,0,3922,0,2009
796,153996,153207,89126,6672,0,1999,,,,,,,,,,,,,,,,,,,,,,796,1183,389,1002,3913,0,997
797,154470,153680,89104,6675,0,3000,,,,,,,,,,,,,,,,,,,,,,797,1184,389,999,3934,0,2000
798,155022,154231,89605,6678,0,2004,,,,,,,,,,,,,,,,,,,,,,798,1185,389,0,3937,0,998
799,155143,154351,90110,6708,0,2003,,,,,,,,,,,,,,,,,,,,,,799,1186,389,0,3932,0,2004
800,155535,154742,90099,6726,0,2000,,,,,,,,,,,,,,,,,,,,,,800,1188,390,0,3945,0,2004
801,156136,155342,90098,6738,0,1999,,,,,,,,,,,,,,,,,,,,,,801,1189,390,999,3948,0,1012
802,156579,155784,90105,6743,0,1506,,,,,,,,,,,,,,,,,,,,,,802,1190,390,0,3957,0,2001
803,156698,155902,90595,6765,0,2502,,,,,,,,,,,,,,,,,,,,,,803,1191,390,0,3952,0,1507
804,157320,156523,91132,6727,0,3000,,,,,,,,,,,,,,,,,,,,,,804,1192,390,0,3952,0,2002
805,157766,156968,90600,6741,0,3007,,,,,,,,,,,,,,,,,,,,,,805,1193,390,0,3961,0,1001
806,158354,157555,91104,6755,0,2000,,,,,,,,,,,,,,,,,,,,,,806,1194,390,998,3965,0,1999
807,158449,157649,91100,6786,0,2506,,,,,,,,,,,,,,,,,,,,,,807,1195,390,0,3972,0,1502
808,158810,158009,92101,6799,0,3000,,,,,,,,,,,,,,,,,,,,,,808,1196,390,0,3985,0,2004
809,159089,158287,91566,6803,0,2501,,,,,,,,,,,,,,,,,,,,,,809,1197,390,0,3984,0,999
810,159314,158511,93123,6809,0,1999,,,,,,,,,,,,,,,,,,,,,,810,1198,390,1001,3988,0,1998
811,159413,158609,92093,6844,0,2507,,,,,,,,,,,,,,,,,,,,,,811,1200,391,0,3995,0,2000
812,159826,159021,92111,6837,0,3000,,,,,,,,,,,,,,,,,,,,,,812,1202,392,0,4002,0,2007
813,160638,159833,93605,6846,0,2003,,,,,,,,,,,,,,,,,,,,,,813,1203,392,0,4011,0,1999
814,160881,160075,92630,6840,0,2999,,,,,,,,,,,,,,,,,,,,,,814,1204,392,1000,4022,0,1000
815,161504,160697,93630,6851,0,2998,,,,,,,,,,,,,,,,,,,,,,815,1206,393,0,4017,0,1000
816,161917,161109,93100,6877,0,3508,,,,,,,,,,,,,,,,,,,,,,816,1208,394,0,4027,0,2004
817,162712,161903,94097,6888,0,1999,,,,,,,,,,,,,,,,,,,,,,817,1210,395,0,4029,0,1000
818,163281,162471,94614,6906,0,1999,,,,,,,,,,,,,,,,,,,,,,818,1215,399,999,4041,0,1000
819,163815,163004,94603,6916,0,2002,,,,,,,,,,,,,,,,,,,,,,819,1216,399,0,4034,0,2000
820,164619,163807,96115,6914,0,2507,,,,,,,,,,,,,,,,,,,,,,820,1217,399,999,4034,0,1506
821,164794,163981,95116,6922,0,2000,,,,,,,,,,,,,,,,,,,,,,821,1218,399,0,4049,0,998
822,165287,164473,96164,6927,0,1999,,,,,,,,,,,,,,,,,,,,,,822,1219,399,0,4065,0,1999
823,165660,164845,97612,6913,0,1998,,,,,,,,,,,,,,,,,,,,,,823,1220,399,1000,4059,0,999
824,165887,165071,96622,6956,0,2995,,,,,,,,,,,,,,,,,,,,,,824,1221,399,1502,4065,0,1004
825,166452,165635,96103,6960,0,3000,,,,,,,,,,,,,,,,,,,,,,825,1222,399,0,4070,0,2000
826,166845,166027,98112,6996,0,2001,,,,,,,,,,,,,,,,,,,,,,826,1223,399,0,4076,0,999
827,167199,166380,97102,6996,0,2000,,,,,,,,,,,,,,,,,,,,,,827,1225,400,1254,4083,0,1753
828,167618,166798,97103,6980,0,2001,,,,,,,,,,,,,,,,,,,,,,828,1228,402,0,4097,0,1005
829,168388,167567,97124,7008,0,2000,,,,,,,,,,,,,,,,,,,,,,829,1230,403,1003,4099,0,2008
830,168523,167701,98605,7012,0,2000,,,,,,,,,,,,,,,,,,,,,,830,1231,403,505,4114,0,1004
831,168741,167918,97619,6981,0,1999,,,,,,,,,,,,,,,,,,,,,,831,1232,403,0,4121,0,1997
832,168948,168124,97618,7026,0,1995,,,,,,,,,,,,,,,,,,,,,,832,1233,403,0,4114,0,2507
833,169199,168374,98612,7034,0,2999,,,,,,,,,,,,,,,,,,,,,,833,1234,403,0,4119,0,2004
834,169776,168950,99102,7049,0,2505,,,,,,,,,,,,,,,,,,,,,,834,1235,403,0,4120,0,1000
835,170525,169698,97594,7061,0,3508,,,,,,,,,,,,,,,,,,,,,,835,1236,403,998,4123,0,2000
836,171248,170420,100107,7062,0,3000,,,,,,,,,,,,,,,,,,,,,,836,1240,406,0,4138,0,2507
837,              ,                ,               ,7080,0,3001,,,,,,,,,,,,,,,,,,,,,,837,1241,406,0,4142,0,2002
838,              ,                ,               ,7094,0,2501,,,,,,,,,,,,,,,,,,,,,,838,1242,406,1001,4135,0,998
839,              ,                ,               ,7097,0,2007,,,,,,,,,,,,,,,,,,,,,,839,1243,406,0,4135,0,1983
840,              ,                ,               ,7103,0,3000,,,,,,,,,,,,,,,,,,,,,,840,1244,406,1000,4155,0,1504
841,              ,                ,               ,7124,0,2999,,,,,,,,,,,,,,,,,,,,,,841,1245,406,1004,4159,0,1003
842,              ,                ,               ,7137,0,2507,,,,,,,,,,,,,,,,,,,,,,842,1246,406,0,4162,0,2001
843,              ,                ,               ,7155,0,2004,,,,,,,,,,,,,,,,,,,,,,843,1247,406,0,4176,0,998
844,              ,                ,               ,7169,0,2000,,,,,,,,,,,,,,,,,,,,,,844,1248,406,1002,4185,0,1503
845,              ,                ,               ,7184,0,3000,,,,,,,,,,,,,,,,,,,,,,845,1249,406,1004,4186,0,2003
846,              ,                ,               ,7172,0,2508,,,,,,,,,,,,,,,,,,,,,,846,1250,406,0,4200,0,999
847,              ,                ,               ,7153,0,3005,,,,,,,,,,,,,,,,,,,,,,847,1251,406,1000,4213,0,2000
848,              ,                ,               ,7187,0,1999,,,,,,,,,,,,,,,,,,,,,,848,1252,406,0,4194,0,1502
849,              ,                ,               ,7196,0,2504,,,,,,,,,,,,,,,,,,,,,,849,1253,406,0,4196,0,1003
850,              ,                ,               ,7203,0,2008,,,,,,,,,,,,,,,,,,,,,,850,1255,407,999,4206,0,2000
851,              ,                ,               ,7229,0,2999,,,,,,,,,,,,,,,,,,,,,,851,1256,407,0,4213,0,1999
852,              ,                ,               ,7213,0,3000,,,,,,,,,,,,,,,,,,,,,,852,1257,407,999,4219,0,1503
853,              ,                ,               ,7227,0,2501,,,,,,,,,,,,,,,,,,,,,,853,1259,408,1004,4231,0,2002
854,              ,                ,               ,7246,0,2009,,,,,,,,,,,,,,,,,,,,,,854,1260,408,0,4231,0,2000
855,              ,                ,               ,7267,0,1999,,,,,,,,,,,,,,,,,,,,,,855,1261,408,1000,4238,0,1999
856,              ,                ,               ,7249,0,2998,,,,,,,,,,,,,,,,,,,,,,856,1262,408,0,4246,0,1999
857,              ,                ,               ,7259,0,2508,,,,,,,,,,,,,,,,,,,,,,857,1264,409,0,4253,0,2005
858,              ,                ,               ,7279,0,3004,,,,,,,,,,,,,,,,,,,,,,858,1266,410,998,4260,0,999
859,              ,                ,               ,7296,0,1999,,,,,,,,,,,,,,,,,,,,,,859,1268,411,0,4267,0,2001
860,              ,                ,               ,7305,0,1999,,,,,,,,,,,,,,,,,,,,,,860,1270,412,999,4265,0,1504
861,              ,                ,               ,7303,0,2508,,,,,,,,,,,,,,,,,,,,,,861,1271,412,1004,4261,0,2003
862,              ,                ,               ,7318,0,1999,,,,,,,,,,,,,,,,,,,,,,862,1272,412,0,4279,0,2000
863,              ,                ,               ,7322,0,3000,,,,,,,,,,,,,,,,,,,,,,863,1273,412,998,4291,0,1999
864,              ,                ,               ,7370,0,2515,,,,,,,,,,,,,,,,,,,,,,864,1274,412,0,4304,0,2504
865,              ,                ,               ,7379,0,3007,,,,,,,,,,,,,,,,,,,,,,865,1276,413,0,4310,0,2004
866,              ,                ,               ,7376,0,2001,,,,,,,,,,,,,,,,,,,,,,866,1278,414,998,4316,0,1999
867,              ,                ,               ,7407,0,1999,,,,,,,,,,,,,,,,,,,,,,867,1282,417,0,4319,0,2002
868,              ,                ,               ,7391,0,2501,,,,,,,,,,,,,,,,,,,,,,868,1283,417,998,4323,0,1502
869,              ,                ,               ,7413,0,2004,,,,,,,,,,,,,,,,,,,,,,869,1284,417,1004,4319,0,2004
870,              ,                ,               ,7414,0,2999,,,,,,,,,,,,,,,,,,,,,,870,1285,417,0,4339,0,999
871,              ,                ,               ,7416,0,1999,,,,,,,,,,,,,,,,,,,,,,871,1286,417,1000,4328,0,2000
872,              ,                ,               ,7428,0,3513,,,,,,,,,,,,,,,,,,,,,,872,1288,418,0,4355,0,1503
873,              ,                ,               ,7434,0,2999,,,,,,,,,,,,,,,,,,,,,,873,1289,418,0,4356,0,2002
874,              ,                ,               ,7448,0,1998,,,,,,,,,,,,,,,,,,,,,,874,1290,418,1000,4353,0,1001
875,              ,                ,               ,7457,0,3503,,,,,,,,,,,,,,,,,,,,,,875,1291,418,0,4366,0,1985
876,              ,                ,               ,7469,0,2009,,,,,,,,,,,,,,,,,,,,,,876,1292,418,999,4382,0,1503
877,              ,                ,               ,7483,0,2999,,,,,,,,,,,,,,,,,,,,,,877,1294,419,1003,4386,0,2001
878,              ,                ,               ,7485,0,3000,,,,,,,,,,,,,,,,,,,,,,878,1296,420,0,4377,0,1998
879,              ,                ,               ,7491,0,2507,,,,,,,,,,,,,,,,,,,,,,879,1297,420,1000,4379,0,1999
880,              ,                ,               ,7503,0,3004,,,,,,,,,,,,,,,,,,,,,,880,1298,420,0,4402,0,2506
881,              ,                ,               ,7516,0,2999,,,,,,,,,,,,,,,,,,,,,,881,1300,421,1003,4405,0,1000
882,              ,                ,               ,7536,0,2000,,,,,,,,,,,,,,,,,,,,,,882,1301,421,0,4422,0,2000
883,              ,                ,               ,7546,0,2509,,,,,,,,,,,,,,,,,,,,,,883,1302,421,999,4425,0,2000
884,              ,                ,               ,7537,0,1999,,,,,,,,,,,,,,,,,,,,,,884,1303,421,0,4418,0,2506
885,              ,                ,               ,7554,0,1999,,,,,,,,,,,,,,,,,,,,,,885,1305,422,0,4417,0,1999
886,              ,                ,               ,7547,0,2501,,,,,,,,,,,,,,,,,,,,,,886,1306,422,1000,4435,0,2000
887,              ,                ,               ,7547,0,2002,,,,,,,,,,,,,,,,,,,,,,887,1307,422,0,4442,0,998
888,              ,                ,               ,7567,0,3000,,,,,,,,,,,,,,,,,,,,,,888,1308,422,1502,4442,0,2006
889,              ,                ,               ,7566,0,3000,,,,,,,,,,,,,,,,,,,,,,889,1309,422,1000,4454,0,2000
890,              ,                ,               ,7585,0,2506,,,,,,,,,,,,,,,,,,,,,,890,1310,422,0,4453,0,2000
891,              ,                ,               ,7594,0,3003,,,,,,,,,,,,,,,,,,,,,,891,1311,422,998,4468,0,2000
892,              ,                ,               ,7612,0,2999,,,,,,,,,,,,,,,,,,,,,,892,1312,422,503,4474,0,2003
893,              ,                ,               ,7644,0,2504,,,,,,,,,,,,,,,,,,,,,,893,1313,422,1001,4478,0,998
894,              ,                ,               ,7637,0,3007,,,,,,,,,,,,,,,,,,,,,,894,1315,423,0,4489,0,2001
895,              ,                ,               ,7637,0,3000,,,,,,,,,,,,,,,,,,,,,,895,1317,424,998,4500,0,1505
896,              ,                ,               ,7673,0,1999,,,,,,,,,,,,,,,,,,,,,,896,1320,426,1004,4495,0,2003
897,              ,                ,               ,7683,0,2506,,,,,,,,,,,,,,,,,,,,,,897,1321,426,0,4501,0,999
898,              ,                ,               ,7680,0,3002,,,,,,,,,,,,,,,,,,,,,,898,1322,426,0,4516,0,2000
899,              ,                ,               ,7702,0,2000,,,,,,,,,,,,,,,,,,,,,,899,1324,427,0,4524,0,2507
900,              ,                ,               ,7697,0,2504,,,,,,,,,,,,,,,,,,,,,,900,1325,427,1006,4509,0,1997
901,              ,                ,               ,7710,0,2512,,,,,,,,,,,,,,,,,,,,,,901,1326,427,0,4518,0,999
902,              ,                ,               ,7717,0,3014,,,,,,,,,,,,,,,,,,,,,,902,1327,427,0,4514,0,2009
903,              ,                ,               ,7734,0,2003,,,,,,,,,,,,,,,,,,,,,,903,1329,428,989,4519,0,1507
904,              ,                ,               ,7729,0,3505,,,,,,,,,,,,,,,,,,,,,,904,1330,428,1003,4555,0,2001
905,              ,                ,               ,7733,0,2002,,,,,,,,,,,,,,,,,,,,,,905,1331,428,0,4558,0,1001
906,              ,                ,               ,7755,0,2001,,,,,,,,,,,,,,,,,,,,,,906,1332,428,0,4572,0,2503
907,              ,                ,               ,7771,0,3501,,,,,,,,,,,,,,,,,,,,,,907,1333,428,0,4566,0,2009
908,              ,                ,               ,7780,0,2007,,,,,,,,,,,,,,,,,,,,,,908,1334,428,1000,4558,0,1998
909,              ,                ,               ,7793,0,1999,,,,,,,,,,,,,,,,,,,,,,909,1337,430,0,4557,0,999
910,              ,                ,               ,7800,0,1999,,,,,,,,,,,,,,,,,,,,,,910,1341,433,0,4555,0,2501
911,              ,                ,               ,7836,0,3507,,,,,,,,,,,,,,,,,,,,,,911,1342,433,0,4571,0,2008
912,              ,                ,               ,7811,0,2003,,,,,,,,,,,,,,,,,,,,,,912,1343,433,998,4585,0,1999
913,              ,                ,               ,7830,0,1999,,,,,,,,,,,,,,,,,,,,,,913,1345,434,1000,4587,0,2000
914,              ,                ,               ,7836,0,3501,,,,,,,,,,,,,,,,,,,,,,914,1346,434,0,4583,0,2508
915,              ,                ,               ,7852,0,2006,,,,,,,,,,,,,,,,,,,,,,915,1347,434,0,4600,0,999
916,              ,                ,               ,7853,0,1998,,,,,,,,,,,,,,,,,,,,,,916,1348,434,0,4597,0,2001
917,              ,                ,               ,7870,0,1999,,,,,,,,,,,,,,,,,,,,,,917,1349,434,999,4604,0,1999
918,              ,                ,               ,7863,0,3506,,,,,,,,,,,,,,,,,,,,,,918,1350,434,0,4604,0,1507
919,              ,                ,               ,7895,0,3002,,,,,,,,,,,,,,,,,,,,,,919,1352,435,1004,4623,0,1999
920,              ,                ,               ,7912,0,2000,,,,,,,,,,,,,,,,,,,,,,920,1353,435,0,4621,0,1000
921,              ,                ,               ,7933,0,2503,,,,,,,,,,,,,,,,,,,,,,921,1354,435,0,4624,0,2503
922,              ,                ,               ,7939,0,3008,,,,,,,,,,,,,,,,,,,,,,922,1356,436,0,4631,0,2008
923,              ,                ,               ,7943,0,3000,,,,,,,,,,,,,,,,,,,,,,923,1357,436,1001,4643,0,1998
924,              ,                ,               ,7938,0,1998,,,,,,,,,,,,,,,,,,,,,,924,1358,436,1000,4657,0,1999
925,              ,                ,               ,7956,0,3506,,,,,,,,,,,,,,,,,,,,,,925,1359,436,0,4658,0,1502
926,              ,                ,               ,7966,0,3003,,,,,,,,,,,,,,,,,,,,,,926,1361,437,0,4659,0,1003
927,              ,                ,               ,7976,0,3000,,,,,,,,,,,,,,,,,,,,,,927,1362,437,0,4663,0,2001
928,              ,                ,               ,7982,0,2502,,,,,,,,,,,,,,,,,,,,,,928,1363,437,999,4697,0,1998
929,              ,                ,               ,7991,0,3008,,,,,,,,,,,,,,,,,,,,,,929,1364,437,0,4701,0,2507
930,              ,                ,               ,8006,0,2999,,,,,,,,,,,,,,,,,,,,,,930,1367,439,1003,4686,0,1999
931,              ,                ,               ,8027,0,3502,,,,,,,,,,,,,,,,,,,,,,931,1371,442,0,4704,0,1000
932,              ,                ,               ,8017,0,3007,,,,,,,,,,,,,,,,,,,,,,932,1372,442,0,4703,0,1998
933,              ,                ,               ,8037,0,3000,,,,,,,,,,,,,,,,,,,,,,933,1373,442,998,4706,0,1004
934,              ,                ,               ,8026,0,1999,,,,,,,,,,,,,,,,,,,,,,934,1375,443,0,4713,0,1999
935,              ,                ,               ,8053,0,2506,,,,,,,,,,,,,,,,,,,,,,935,1376,443,998,4727,0,1999
936,              ,                ,               ,8074,0,3003,,,,,,,,,,,,,,,,,,,,,,936,1377,443,1001,4736,0,1503
937,              ,                ,               ,8090,0,3000,,,,,,,,,,,,,,,,,,,,,,937,1378,443,1004,4738,0,2003
938,              ,                ,               ,8074,0,2503,,,,,,,,,,,,,,,,,,,,,,938,1379,443,0,4750,0,2001
939,              ,                ,               ,8080,0,3007,,,,,,,,,,,,,,,,,,,,,,939,1380,443,0,4746,0,1998
940,              ,                ,               ,8096,0,2999,,,,,,,,,,,,,,,,,,,,,,940,1382,444,999,4758,0,2509
941,              ,                ,               ,8123,0,3000,,,,,,,,,,,,,,,,,,,,,,941,1385,446,0,4758,0,2003
942,              ,                ,               ,8120,0,2510,,,,,,,,,,,,,,,,,,,,,,942,1388,448,999,4779,0,2001
943,              ,                ,               ,8133,0,3000,,,,,,,,,,,,,,,,,,,,,,943,1389,448,999,4778,0,998
944,              ,                ,               ,8159,0,3000,,,,,,,,,,,,,,,,,,,,,,944,1390,448,1503,4787,0,2007
945,              ,                ,               ,8165,0,3506,,,,,,,,,,,,,,,,,,,,,,945,1392,449,1003,4792,0,1997
946,              ,                ,               ,8180,0,3002,,,,,,,,,,,,,,,,,,,,,,946,1393,449,998,4806,0,2000
947,              ,                ,               ,8188,0,3000,,,,,,,,,,,,,,,,,,,,,,947,1394,449,0,4814,0,2503
948,              ,                ,               ,8164,0,2501,,,,,,,,,,,,,,,,,,,,,,948,1396,450,1003,4792,0,2004
949,              ,                ,               ,8183,0,3005,,,,,,,,,,,,,,,,,,,,,,949,1398,451,0,4794,0,1000
950,              ,                ,               ,8218,0,2999,,,,,,,,,,,,,,,,,,,,,,950,1399,451,0,4814,0,1999
951,              ,                ,               ,8216,0,2001,,,,,,,,,,,,,,,,,,,,,,951,1400,451,0,4833,0,1004
952,              ,                ,               ,8224,0,2004,,,,,,,,,,,,,,,,,,,,,,952,1401,451,0,4828,0,1998
953,              ,                ,               ,8235,0,2990,,,,,,,,,,,,,,,,,,,,,,953,1402,451,999,4829,0,2001
954,              ,                ,               ,8247,0,2999,,,,,,,,,,,,,,,,,,,,,,954,1403,451,998,4856,0,2000
955,              ,                ,               ,8256,0,2506,,,,,,,,,,,,,,,,,,,,,,955,1404,451,0,4850,0,2004
956,              ,                ,               ,8271,0,3003,,,,,,,,,,,,,,,,,,,,,,956,1406,452,0,4856,0,1000
957,              ,                ,               ,8286,0,2999,,,,,,,,,,,,,,,,,,,,,,957,1407,452,0,4868,0,1998
958,              ,                ,               ,8327,0,3509,,,,,,,,,,,,,,,,,,,,,,958,1409,453,0,4877,0,2007
959,              ,                ,               ,8322,0,3001,,,,,,,,,,,,,,,,,,,,,,959,1410,453,0,4892,0,2000
960,              ,                ,               ,8299,0,2998,,,,,,,,,,,,,,,,,,,,,,960,1411,453,0,4885,0,1999
961,              ,                ,               ,8309,0,3000,,,,,,,,,,,,,,,,,,,,,,961,1412,453,998,4891,0,1999
962,              ,                ,               ,8324,0,2510,,,,,,,,,,,,,,,,,,,,,,962,1413,453,0,4911,0,2007
963,              ,                ,               ,8344,0,2999,,,,,,,,,,,,,,,,,,,,,,963,1414,453,0,4917,0,1998
964,              ,                ,               ,8351,0,1998,,,,,,,,,,,,,,,,,,,,,,964,1415,453,1001,4918,0,1999
965,              ,                ,               ,8361,0,3510,,,,,,,,,,,,,,,,,,,,,,965,1416,453,0,4918,0,2508
966,              ,                ,               ,8387,0,2999,,,,,,,,,,,,,,,,,,,,,,966,1417,453,0,4927,0,2002
967,              ,                ,               ,8383,0,2999,,,,,,,,,,,,,,,,,,,,,,967,1418,453,998,4937,0,1998
968,              ,                ,               ,8380,0,3510,,,,,,,,,,,,,,,,,,,,,,968,1420,454,999,4940,0,2001
969,              ,                ,               ,8383,0,3003,,,,,,,,,,,,,,,,,,,,,,969,1422,455,503,4945,0,2007
970,              ,                ,               ,8398,0,2999,,,,,,,,,,,,,,,,,,,,,,970,1424,456,999,4942,0,2002
971,              ,                ,               ,8398,0,2501,,,,,,,,,,,,,,,,,,,,,,971,1425,456,999,4958,0,1999
972,              ,                ,               ,8430,0,3007,,,,,,,,,,,,,,,,,,,,,,972,1426,456,0,4962,0,2507
973,              ,                ,               ,8440,0,2001,,,,,,,,,,,,,,,,,,,,,,973,1428,457,1003,4968,0,2000
974,              ,                ,               ,8449,0,2998,,,,,,,,,,,,,,,,,,,,,,974,1429,457,999,4969,0,1999
975,              ,                ,               ,8458,0,2511,,,,,,,,,,,,,,,,,,,,,,975,1431,458,1001,4993,0,1999
976,              ,                ,               ,8447,0,2999,,,,,,,,,,,,,,,,,,,,,,976,1432,458,503,4969,0,2008
977,              ,                ,               ,8461,0,3000,,,,,,,,,,,,,,,,,,,,,,977,1433,458,1001,4972,0,1998
978,              ,                ,               ,8493,0,3511,,,,,,,,,,,,,,,,,,,,,,978,1434,458,1000,4986,0,1998
979,              ,                ,               ,8495,0,3000,,,,,,,,,,,,,,,,,,,,,,979,1436,459,0,4990,0,2509
980,              ,                ,               ,8493,0,2998,,,,,,,,,,,,,,,,,,,,,,980,1437,459,1003,5023,0,1999
981,              ,                ,               ,8496,0,3507,,,,,,,,,,,,,,,,,,,,,,981,1441,462,999,5023,0,2000
982,              ,                ,               ,8539,0,3003,,,,,,,,,,,,,,,,,,,,,,982,1442,462,1000,5035,0,1998
983,              ,                ,               ,8526,0,3000,,,,,,,,,,,,,,,,,,,,,,983,1443,462,0,5048,0,2008
984,              ,                ,               ,8527,0,2501,,,,,,,,,,,,,,,,,,,,,,984,1444,462,999,5041,0,1999
985,              ,                ,               ,8541,0,3004,,,,,,,,,,,,,,,,,,,,,,985,1446,463,1000,5045,0,2000
986,              ,                ,               ,8550,0,2998,,,,,,,,,,,,,,,,,,,,,,986,1447,463,0,5058,0,2508
987,              ,                ,               ,8559,0,3001,,,,,,,,,,,,,,,,,,,,,,987,1448,463,0,5058,0,2001
988,              ,                ,               ,8564,0,2007,,,,,,,,,,,,,,,,,,,,,,988,1449,463,0,5072,0,1999
989,              ,                ,               ,8577,0,3000,,,,,,,,,,,,,,,,,,,,,,989,1450,463,999,5076,0,2505
990,              ,                ,               ,8597,0,2000,,,,,,,,,,,,,,,,,,,,,,990,1451,463,0,5084,0,1004
991,              ,                ,               ,8601,0,3511,,,,,,,,,,,,,,,,,,,,,,991,1452,463,0,5078,0,1984
992,              ,                ,               ,8615,0,3000,,,,,,,,,,,,,,,,,,,,,,992,1453,463,0,5102,0,1998
993,              ,                ,               ,8622,0,2999,,,,,,,,,,,,,,,,,,,,,,993,1455,464,1502,5103,0,2009
994,              ,                ,               ,8643,0,2507,,,,,,,,,,,,,,,,,,,,,,994,1456,464,999,5116,0,1999
995,              ,                ,               ,8649,0,2999,,,,,,,,,,,,,,,,,,,,,,995,1457,464,1000,5123,0,2000
996,              ,                ,               ,8656,0,3000,,,,,,,,,,,,,,,,,,,,,,996,1458,464,0,5131,0,1501
997,              ,                ,               ,8663,0,2520,,,,,,,,,,,,,,,,,,,,,,997,1459,464,1004,5130,0,2003
998,              ,                ,               ,8671,0,1999,,,,,,,,,,,,,,,,,,,,,,998,1460,464,1001,5136,0,2000
999,              ,                ,               ,8680,0,2999,,,,,,,,,,,,,,,,,,,,,,999,1463,466,998,5146,0,1000
1000,              ,                ,               ,8693,0,2503,,,,,,,,,,,,,,,,,,,,,,1000,1465,467,0,5150,0,2009
